Date;7 DAYS MA;14 DAYS MA;21 DAYS MA;7 DAYS STD DEV;RSI 7;RSI 14;RSI 21;MFI 7;MFI 14;MFI 21;dayofweek;quarter;month;year;dayofyear;dayofmonth;weekofyear;Predicted Close;Actual Close;Diff;Within RMSE Range
9/10/2020;2881.428571;2927.142857;2947.619048;47.05619741;21.76351471;29.81160111;34.15188332;19.23686816;16.91852976;26.79320163;3;3;9;2020;254;10;37;2725.1714;2700;25.1714;yes
9/11/2020;2852.857143;2905.714286;2934.285714;81.7953311;42.08745051;40.96164433;41.57974951;25.86898156;26.00130532;32.44833627;4;3;9;2020;255;11;37;2848.3232;2810;38.3232;yes
9/14/2020;2832.857143;2892.142857;2926.666667;70.40698017;52.54686717;47.49443224;46.21298877;38.78203066;32.33446921;37.73582228;0;3;9;2020;258;14;38;2874.0078;2890;-15.9922;yes
9/15/2020;2831.428571;2885.714286;2924.761905;68.90296835;45.37603759;43.59792018;43.49639242;40.33850601;25.93424365;37.85221445;1;3;9;2020;259;15;38;2834.466;2830;4.466;yes
9/16/2020;2827.142857;2872.142857;2919.047619;67.753053;41.02197499;41.17277951;41.77729909;33.56452389;26.50934337;32.92650267;2;3;9;2020;260;16;38;2814.5815;2790;24.5815;yes
9/17/2020;2811.428571;2857.857143;2908.571429;60.39552175;45.59025624;43.70213034;43.53472972;42.94464816;32.91299118;32.86194477;3;3;9;2020;261;17;38;2833.3516;2820;13.3516;yes
9/18/2020;2805.714286;2847.857143;2898.571429;56.82051943;55.06506226;49.19156966;47.42292733;56.52550128;43.08855878;33.2397206;4;3;9;2020;262;18;38;2865.7878;2890;-24.2122;yes
9/21/2020;2818.571429;2850;2890.952381;64.9175301;44.68899125;43.92070396;43.80336824;67.99884999;42.88961622;33.36659674;0;3;9;2020;265;21;39;2829.3274;2810;19.3274;yes
9/22/2020;2834.285714;2843.571429;2881.904762;39.94043184;41.28544376;42.09899518;42.52535365;52.78730701;37.36173266;33.45266776;1;3;9;2020;266;22;39;2819.2734;2780;39.2734;yes
9/23/2020;2830;2831.428571;2871.428571;44.34711565;44.56896466;43.77334175;43.6756832;49.7534371;43.29325772;36.92398169;2;3;9;2020;267;23;39;2833.4902;2800;33.4902;yes
9/24/2020;2817.142857;2824.285714;2862.857143;36.38419332;36.2834823;39.47113214;40.68328537;52.38037486;45.25463871;32.70299644;3;3;9;2020;268;24;39;2790.1077;2730;60.1077;no
9/25/2020;2802.857143;2815;2849.047619;48.20590756;32.2825449;37.21998104;39.0768956;45.17457789;38.71331175;31.91519932;4;3;9;2020;269;25;39;2738.7502;2690;48.7502;yes
9/28/2020;2788.571429;2800;2834.761905;64.66028442;29.44184194;35.58094506;37.89845689;33.05915967;38.63864796;32.95601069;0;3;9;2020;272;28;40;2707.3835;2660;47.3835;yes
9/29/2020;2765.714286;2785.714286;2820.47619;78.497801;26.70072305;33.96995806;36.73524408;11.50234206;37.80978884;33.79236165;1;3;9;2020;273;29;40;2673.6821;2630;43.6821;yes
9/30/2020;2728.571429;2773.571429;2809.52381;71.04659772;21.30184328;30.49991651;34.16604123;9.952883404;39.1355112;32.21106874;2;3;9;2020;274;30;40;2598.2341;2560;38.2341;yes
10/1/2020;2692.857143;2763.571429;2793.333333;84.79667559;52.0220732;46.48048083;45.10746023;30.25737296;39.89569756;34.77939046;3;4;10;2020;275;1;40;2744.029;2750;-5.971;yes
10/2/2020;2688.571429;2759.285714;2783.809524;80.29706749;44.54767586;42.59459202;42.38259539;20.69463578;32.34726876;34.69450484;4;4;10;2020;276;2;40;2691.2344;2680;11.2344;yes
10/5/2020;2671.428571;2744.285714;2773.333333;63.62090103;41.56192104;41.01210654;41.26096823;19.82515426;32.14923465;35.050692;0;4;10;2020;279;5;41;2675.3328;2650;25.3328;yes
10/6/2020;2660;2731.428571;2763.333333;58.30951895;41.56192104;41.01210654;41.26096823;20.4437172;30.86579964;31.79931858;1;4;10;2020;280;6;41;2673.7456;2650;23.7456;yes
10/7/2020;2654.285714;2721.428571;2751.428571;56.82051943;43.28651843;41.84733068;41.82674057;20.08932292;25.44940614;31.55078824;2;4;10;2020;281;7;41;2682.5386;2660;22.5386;yes
10/8/2020;2654.285714;2710;2741.904762;56.82051943;50.15165692;45.19037152;44.08859487;33.79182217;24.72040154;36.2941255;3;4;10;2020;282;8;41;2712.7654;2700;12.7654;yes
10/9/2020;2664.285714;2696.428571;2737.142857;57.98193479;54.92583621;47.62237278;45.74968818;48.59867278;30.46694319;42.54257257;4;4;10;2020;283;9;41;2723.2483;2730;-6.7517;yes
10/12/2020;2688.571429;2690.714286;2738.571429;39.7611919;54.92583621;47.62237278;45.74968818;39.82557526;34.59522331;39.87313;0;4;10;2020;286;12;42;2738.8281;2730;8.8281;yes
10/13/2020;2685.714286;2687.142857;2734.761905;35.05098328;54.92583621;47.62237278;45.74968818;41.86998822;29.78191674;35.3039562;1;4;10;2020;287;13;42;2730.352;2730;0.352;yes
10/14/2020;2692.857143;2682.142857;2727.142857;38.60668583;67.93156865;54.3663342;50.30716074;60.12382122;37.45862627;41.26640795;2;4;10;2020;288;14;42;2813.1057;2810;3.1057;yes
10/15/2020;2715.714286;2687.857143;2726.190476;53.49677338;60.31731726;51.67913157;48.69637052;76.62075781;45.40086413;45.33566035;3;4;10;2020;289;15;42;2779.05;2780;-0.95;yes
10/16/2020;2734.285714;2694.285714;2725.714286;49.28053803;53.34189081;49.06728835;47.11244725;74.13536341;44.3065973;41.1581145;4;4;10;2020;290;16;42;2746.9558;2750;-3.0442;yes
10/19/2020;2747.142857;2700.714286;2722.380952;36.83941988;45.20909155;45.74741242;45.0605208;54.99367464;43.49554734;34.81783122;0;4;10;2020;293;19;43;2752.7686;2710;42.7686;yes
10/20/2020;2748.571429;2706.428571;2713.809524;34.84660262;38.38186238;42.64044829;43.08995272;40.87520386;44.74143842;34.07058202;1;4;10;2020;294;20;43;2717.388;2670;47.388;yes
10/21/2020;2740;2714.285714;2707.142857;45.82575695;40.98139023;43.67043307;43.73583949;31.11853908;35.00355033;33.34332396;2;4;10;2020;295;21;43;2677.219;2680;-2.781;yes
10/22/2020;2732.857143;2709.285714;2702.380952;51.22313465;46.27042139;45.76790484;45.04559209;47.99257848;45.54205639;36.90923562;3;4;10;2020;296;22;43;2696.0664;2700;-3.9336;yes
10/23/2020;2728.571429;2710.714286;2697.619048;52.734736;33.87458223;40.13496256;41.49567958;33.2675485;44.65298457;35.89587334;4;4;10;2020;297;23;43;2646.9653;2630;16.9653;yes
10/26/2020;2702.857143;2709.285714;2692.857143;50.23753103;39.29549186;42.31930824;42.8469006;22.20857452;45.76673485;36.8701282;0;4;10;2020;300;26;44;2664.3936;2650;14.3936;yes
10/27/2020;2684.285714;2709.285714;2690.952381;39.94043184;34.3653188;39.96376824;41.34299376;22.10098477;44.98952489;36.2394249;1;4;10;2020;301;27;44;2632.4707;2620;12.4707;yes
11/2/2020;2665.714286;2706.428571;2689.047619;34.08672413;26.58312206;35.68558463;38.50483868;19.09123992;33.94659006;33.89567345;0;4;11;2020;307;2;45;2590.0488;2560;30.0488;yes
11/3/2020;2644.285714;2696.428571;2685.714286;46.49628761;32.52533362;38.06564533;39.94772368;18.92227538;28.27380593;34.35534867;1;4;11;2020;308;3;45;2617.2031;2580;37.2031;yes
11/4/2020;2631.428571;2685.714286;2686.666667;50.47394425;32.52533362;38.06564533;39.94772368;29.55793906;30.24499353;32.75347457;2;4;11;2020;309;4;45;2617.6035;2580;37.6035;yes
11/5/2020;2617.142857;2675;2678.571429;48.55041562;67.03040749;56.00409583;51.79426749;35.17251051;40.99167776;41.19587549;3;4;11;2020;310;5;45;2761.6748;2770;-8.3252;yes
11/6/2020;2627.142857;2677.857143;2682.857143;70.64330252;72.25721707;59.94910376;54.75385203;49.35709144;42.36985696;46.6697016;4;4;11;2020;311;6;45;2790.824;2830;-39.176;yes
11/9/2020;2655.714286;2679.285714;2691.428571;104.3802572;75.96217893;62.93200051;57.06057954;58.79154928;43.95299978;51.67783671;0;4;11;2020;314;9;46;2821.649;2880;-58.351;no
11/10/2020;2688.571429;2686.428571;2702.380952;134.2173078;71.50580332;60.97573543;55.86439261;68.49314617;50.04731155;55.7789931;1;4;11;2020;315;10;46;2818.7324;2860;-41.2676;yes
11/11/2020;2722.857143;2694.285714;2711.904762;144.073394;83.74432332;71.47854004;64.46774372;90.63801573;61.20475325;59.80711475;2;4;11;2020;316;11;46;2874.2642;3080;-205.7358;no
11/12/2020;2797.142857;2720.714286;2730;176.5138602;76.75163428;67.90034089;62.15472423;100;66.58748342;60.56566672;3;4;11;2020;317;12;46;2942.4111;3040;-97.5889;no
11/13/2020;2862.857143;2747.142857;2744.761905;167.6021366;68.42002544;63.61354202;59.35944027;89.64827926;65.2985832;57.03785943;4;4;11;2020;318;13;46;2979.3984;2990;-10.6016;yes
11/16/2020;2921.428571;2769.285714;2757.142857;115.9638696;73.7409492;67.18346275;62.21432302;88.86654303;65.0656566;60.46882977;0;4;11;2020;321;16;47;3027.607;3070;-42.393;yes
11/17/2020;2964.285714;2795.714286;2773.333333;105.6499161;80.81282183;72.60972875;66.80514028;90.72394779;73.63826937;63.91983419;1;4;11;2020;322;17;47;3117.6475;3220;-102.3525;no
11/18/2020;3020;2837.857143;2792.857143;124.2309677;74.56530111;69.31811776;64.6072692;89.69762105;75.54919348;62.85221274;2;4;11;2020;323;18;47;3206.0813;3180;26.0813;yes
11/19/2020;3062.857143;2875.714286;2811.904762;119.5427798;72.9210537;68.48229026;64.05408664;78.89251029;74.04502813;61.82362394;3;4;11;2020;324;19;47;3172.4744;3170;2.4744;yes
11/20/2020;3107.142857;2915;2831.904762;84.00680245;76.00727309;70.40387456;65.60040779;75.41547167;83.42976569;66.1238658;4;4;11;2020;325;20;47;3241.949;3220;21.949;yes
11/23/2020;3127.142857;2962.142857;2856.190476;92.68482179;81.04739216;73.83921822;68.45051829;77.09782443;88.78381409;70.37877663;0;4;11;2020;328;23;48;3350.7349;3320;30.7349;yes
11/24/2020;3167.142857;3015;2887.142857;107.9682493;82.34542728;74.78480963;69.2529758;88.54257397;89.10782848;73.72504945;1;4;11;2020;329;24;48;3359.5894;3350;9.5894;yes
11/25/2020;3218.571429;3070;2919.047619;94.4154951;69.40542236;68.55791035;65.1905931;73.30252135;80.82164097;68.14048298;2;4;11;2020;330;25;48;3263.8901;3280;-16.1099;yes
11/26/2020;3248.571429;3106.428571;2946.666667;69.38505397;79.57119305;74.71256253;70.17651671;71.08643535;81.85789754;72.80699745;3;4;11;2020;331;26;48;3452.039;3470;-17.961;yes
11/27/2020;3284.285714;3152.142857;2986.666667;106.5922359;77.9801817;73.89273045;69.6253889;74.05834206;81.80475785;75.01865592;4;4;11;2020;332;27;48;3465.491;3460;5.491;yes
11/30/2020;3324.285714;3193.571429;3025.238095;113.2632837;50.75091642;58.10106627;58.52541068;58.42240246;67.37824094;67.68641237;0;4;11;2020;335;30;49;3332.4248;3230;102.4248;no
12/1/2020;3332.857143;3220;3054.285714;101.2775536;51.60804078;58.51617496;58.82508441;47.1726752;58.27397358;68.11638224;1;4;12;2020;336;1;49;3321.9185;3240;81.9185;no
12/2/2020;3335.714286;3231.428571;3086.666667;97.78499252;59.08489124;62.15067125;61.45684086;45.34549553;58.62907243;71.18760927;2;4;12;2020;337;2;49;3410.5732;3330;80.5732;no
12/3/2020;3337.142857;3252.142857;3122.380952;97.5900073;55.73595797;60.25559689;60.11208691;42.93946337;62.80328876;71.20535481;3;4;12;2020;338;3;49;3391.5955;3300;91.5955;no
12/4/2020;3330;3274.285714;3156.666667;98.31920803;50.20302419;57.12900957;57.89515249;44.8665769;57.83971771;67.11480001;4;4;12;2020;339;4;49;3330.7676;3250;80.7676;no
12/7/2020;3325.714286;3287.142857;3179.52381;101.4654527;57.98804332;60.64745381;60.35169854;38.11728235;53.45135213;66.90849695;0;4;12;2020;342;7;50;3420.9558;3330;90.9558;no
12/8/2020;3305.714286;3295;3203.333333;79.7615494;54.27576342;58.70184788;58.99638804;35.98593326;55.04602353;66.4623886;1;4;12;2020;343;8;50;3307.0554;3300;7.0554;yes
12/10/2020;3282.857143;3303.571429;3223.333333;42.31401884;49.36028861;56.11685672;57.19810126;47.30128778;54.25783981;62.32065518;3;4;12;2020;345;10;50;3232.1694;3260;-27.8306;yes
12/11/2020;3287.142857;3310;3242.380952;37.28908943;51.90131698;57.13329744;57.87225821;65.60696472;53.52662158;60.04843105;4;4;12;2020;346;11;50;3264.5989;3280;-15.4011;yes
12/14/2020;3292.857143;3314.285714;3251.904762;31.4718317;56.94261869;59.17022683;59.22107524;68.22296614;53.82523889;61.07705509;0;4;12;2020;349;14;51;3321.9133;3320;1.9133;yes
12/15/2020;3291.428571;3314.285714;3265.238095;29.68084199;69.18774237;64.99241334;63.23769112;74.43643026;56.58451763;66.30939275;1;4;12;2020;350;15;51;3364.2156;3450;-85.7844;no
12/16/2020;3312.857143;3321.428571;3287.142857;67.25927091;78.1218266;70.55721132;67.38874163;87.86147695;66.00918318;68.18948233;2;4;12;2020;351;16;51;3515.519;3610;-94.481;no
12/17/2020;3364.285714;3345;3312.857143;124.4798702;68.0505806;65.64105669;64.06560988;74.72151973;57.61957223;61.51000415;3;4;12;2020;352;17;51;3542.8833;3540;2.8833;yes
12/18/2020;3394.285714;3350;3328.095238;139.2667875;63.92975835;63.59592484;62.67480653;66.0170758;52.5577434;59.22323536;4;4;12;2020;353;18;51;3517.2124;3510;7.2124;yes
12/21/2020;3424.285714;3353.571429;3343.809524;138.1855206;64.75964328;63.99857591;62.95627095;77.75323103;66.33305898;63.28617666;0;4;12;2020;356;21;52;3590.2559;3520;70.2559;no
12/22/2020;3461.428571;3374.285714;3360.47619;120.4752494;45.30316785;53.7539936;55.87735782;65.25278027;65.37137167;58.29256648;1;4;12;2020;357;22;52;3420.0457;3360;60.0457;no
12/23/2020;3472.857143;3382.857143;3367.142857;102.9100393;41.65315477;51.53306492;54.27536829;53.83355091;58.96623213;53.82856911;2;4;12;2020;358;23;52;3378.235;3320;58.235;no
12/28/2020;3472.857143;3382.142857;3367.142857;102.9100393;53.63745325;56.81696304;57.77122994;48.27226191;59.67343978;53.59735726;0;4;12;2020;363;28;53;3445.2043;3430;15.2043;yes
12/29/2020;3470;3391.428571;3370.952381;103.9230485;52.49389539;56.21693979;57.35267324;39.09589644;64.65686799;57.70279179;1;4;12;2020;364;29;53;3441.423;3420;21.423;yes
12/30/2020;3442.857143;3403.571429;3377.619048;84.20496536;41.21666775;49.96604225;52.92396524;41.97561148;60.11532028;52.92307049;2;4;12;2020;365;30;53;3384.5593;3310;74.5593;no
1/4/2021;3410;3402.142857;3370;84.85281374;58.31349826;58.16375001;58.4382179;53.80996124;60.75486675;52.92694798;0;1;1;2021;4;4;1;3442.4795;3490;-47.5205;yes
1/5/2021;3407.142857;3415.714286;3371.428571;81.18174789;56.1948343;57.0453681;57.650382;49.84855578;66.4811099;61.42836193;1;1;1;2021;5;5;1;3426.9949;3470;-43.0051;yes
1/6/2021;3400;3430.714286;3382.857143;71.18052168;46.3677291;51.6932436;53.83971616;55.23304756;61.62989252;62.59714672;2;1;1;2021;6;6;1;3360.3005;3370;-9.6995;yes
1/7/2021;3401.428571;3437.142857;3389.047619;70.33931367;48.47036029;52.65008445;54.47169058;71.85475651;60.09918969;62.25705021;3;1;1;2021;7;7;1;3367.9946;3390;-22.0054;yes
1/8/2021;3411.428571;3442.142857;3391.904762;61.21780009;63.49682595;60.27629471;59.68729638;78.17774952;61.284254;65.2791823;4;1;1;2021;8;8;1;3531.2961;3570;-38.7039;yes
1/11/2021;3431.428571;3450.714286;3404.761905;86.10624666;65.45555129;61.39237662;60.47958386;79.54888355;58.99011649;69.35207669;0;1;1;2021;11;11;2;3614.5154;3600;14.5154;yes
1/12/2021;3457.142857;3450;3421.428571;106.5698966;55.10623424;56.28341441;56.95365901;77.16364475;60.17336124;65.62693813;1;1;1;2021;12;12;2;3495.8396;3510;-14.1604;yes
1/13/2021;3485.714286;3447.857143;3430;85.21681032;51.91413515;54.65081982;55.81476989;67.0099974;60.69563989;62.75504082;2;1;1;2021;13;13;2;3476.117;3480;-3.883;yes
1/14/2021;3484.285714;3445.714286;3438.571429;85.21681032;53.987186;55.57596386;56.42472516;67.67130068;59.60021765;66.87147491;3;1;1;2021;14;14;2;3484.3342;3500;-15.6658;yes
1/15/2021;3488.571429;3444.285714;3450;85.13294925;51.40184393;54.38122339;55.61854924;69.36085109;63.2346311;64.10977232;4;1;1;2021;15;15;2;3450.0251;3480;-29.9749;yes
1/18/2021;3504.285714;3452.857143;3459.52381;68.03360514;47.42724537;52.55612676;54.3945082;60.73588035;65.34285727;60.30898461;0;1;1;2021;18;18;3;3444.2996;3450;-5.7004;yes
1/19/2021;3512.857143;3462.142857;3465.714286;53.45224838;42.33510109;50.13986771;52.76865844;37.92062279;59.68684384;54.97896631;1;1;1;2021;19;19;3;3397.8455;3410;-12.1545;yes
1/20/2021;3490;3460.714286;3463.809524;58.87840578;51.45615496;53.5868358;54.89218504;28.33299721;58.64476079;51.22589611;2;1;1;2021;20;20;3;3437.11;3470;-32.89;yes
1/21/2021;3471.428571;3464.285714;3457.142857;33.38091842;52.90461777;54.15569225;55.24432361;40.11316377;63.27419026;55.42471955;3;1;1;2021;21;21;3;3468.2598;3480;-11.7402;yes
1/22/2021;3467.142857;3476.428571;3454.285714;29.27700219;40.28368025;48.40548759;51.44882304;40.19804702;56.97197138;55.81923871;4;1;1;2021;22;22;3;3405.0881;3390;15.0881;yes
1/25/2021;3454.285714;3469.285714;3448.571429;40.35556255;37.93729828;47.20596551;50.6370648;22.21847748;51.72525972;51.06933765;0;1;1;2021;25;25;4;3386.1592;3370;16.1592;yes
1/26/2021;3435.714286;3462.142857;3441.428571;45.40820148;27.61590494;41.1639958;46.40843044;22.94174089;53.15367459;53.84523399;1;1;1;2021;26;26;4;3320.184;3260;60.184;no
1/27/2021;3404.285714;3454.285714;3436.666667;75.68732674;46.23335566;48.85461573;51.08720334;40.07369317;53.44684898;59.22839692;2;1;1;2021;27;27;4;3358.7087;3380;-21.2913;yes
1/28/2021;3394.285714;3453.571429;3439.52381;73.22502825;34.24483244;41.96306641;46.15141427;40.43759423;38.9542486;55.01965561;3;1;1;2021;28;28;4;3274.83;3240;34.83;yes
1/29/2021;3370;3430;3430.47619;92.73618496;26.73469868;36.77543528;42.17824069;25.38881491;26.97152191;50.00270958;4;1;1;2021;29;29;4;3233.839;3110;123.839;no
2/1/2021;3318.571429;3395;3415.714286;122.9401713;40.732346;43.69489551;46.63137441;28.49585816;34.30080622;53.78261247;0;1;2;2021;32;1;5;3217.5356;3230;-12.4644;yes
2/2/2021;3282.857143;3375;3411.904762;102.9100393;44.83131711;45.82333858;48.03217721;42.01924233;41.08455237;53.05376538;1;1;2;2021;33;2;5;3173.2588;3270;-96.7412;no
2/3/2021;3265.714286;3360;3401.428571;91.44345117;42.27314515;44.46569642;47.05945586;43.60306614;32.86686825;49.62862484;2;1;2;2021;34;3;5;3178.7317;3240;-61.2683;no
2/4/2021;3247.142857;3341.428571;3390.47619;79.102104;48.03849298;47.26978398;48.87145367;54.08499864;38.43068286;53.39280132;3;1;2;2021;35;4;5;3206.3674;3290;-83.6326;no
2/5/2021;3251.428571;3327.857143;3386.666667;80.7111251;48.03849298;47.26978398;48.87145367;44.01099936;41.82123483;51.37395968;4;1;2;2021;36;5;5;3210.5898;3290;-79.4102;no
2/8/2021;3238.571429;3316.428571;3381.904762;61.75990378;46.7670093;46.72257107;48.5053806;60.88086036;49.24300799;44.15211718;0;1;2;2021;39;8;6;3206.4531;3280;-73.5469;no
2/9/2021;3244.285714;3307.142857;3368.095238;63.73307432;37.50256859;42.48530151;45.6340648;63.68538932;40.84081286;35.71900209;1;1;2;2021;40;9;6;3164.5063;3200;-35.4937;yes
2/10/2021;3257.142857;3287.857143;3349.047619;34.50327797;36.44956757;41.97288527;45.28224658;44.67827731;34.81467123;36.81961555;2;1;2;2021;41;10;6;3154.1672;3190;-35.8328;yes
2/11/2021;3251.428571;3267.142857;3333.809524;42.20133151;36.44956757;41.97288527;45.28224658;41.37498234;41.76793295;41.15350186;3;1;2;2021;42;11;6;3152.7979;3190;-37.2021;yes
2/15/2021;3240;3252.857143;3320;46.9041576;42.98631524;44.30985531;46.64281972;55.37888514;48.30716613;38.46824394;0;1;2;2021;46;15;7;3196.1191;3220;-23.8809;yes
2/16/2021;3237.142857;3242.142857;3306.666667;47.50939757;41.33296338;43.6783861;46.24039632;42.38787457;49.31629006;39.43983714;1;1;2;2021;47;16;7;3192.1948;3210;-17.8052;yes
2/17/2021;3225.714286;3238.571429;3293.809524;41.97504928;32.56523119;39.99541751;43.85657505;35.63797929;39.82813537;39.92277318;2;1;2;2021;48;17;7;3060.08;3150;-89.92;no
2/18/2021;3205.714286;3222.142857;3279.52381;39.5209408;39.99073361;42.60149142;45.33606605;39.76759208;49.65518225;46.13114112;3;1;2;2021;49;18;7;3112.1462;3180;-67.8538;no
2/19/2021;3191.428571;3217.857143;3268.571429;22.67786838;46.82227236;45.16618483;46.80787047;45.1058784;54.18200973;42.10753916;4;1;2;2021;50;19;7;3153.8628;3210;-56.1372;yes
2/22/2021;3192.857143;3225;3256.190476;23.60387377;39.77810267;42.44307528;45.10756618;46.72101976;45.71120375;38.21290103;0;1;2;2021;53;22;8;3096.8577;3170;-73.1423;no
2/23/2021;3190;3220.714286;3241.428571;25.16611478;74.00185883;61.29234454;57.31738782;62.73700428;54.35928198;49.66858758;1;1;2;2021;54;23;8;3320.7705;3470;-149.2295;no
2/24/2021;3230;3235;3245.238095;108.7811258;74.56400278;61.74210517;57.64710982;70.08678468;65.06045819;57.77809378;2;1;2;2021;55;24;8;3426.842;3480;-53.158;yes
2/25/2021;3267.142857;3252.142857;3250.47619;143.6099214;75.18986841;62.2149184;57.98787942;79.58714842;67.91812687;63.58736099;3;1;2;2021;56;25;8;3450.9163;3490;-39.0837;yes
2/26/2021;3307.142857;3266.428571;3261.428571;162.7589512;75.18986841;62.2149184;57.98787942;72.825978;60.47216145;56.36201377;4;1;2;2021;57;26;8;3518.3113;3490;28.3113;yes
3/1/2021;3355.714286;3280.714286;3266.666667;158.7300794;75.18986841;62.2149184;57.98787942;71.8655;60.47129485;60.56885069;0;1;3;2021;60;1;9;3578.217;3490;88.217;no
3/2/2021;3400;3295.714286;3278.571429;144.1064421;67.30098761;59.46145454;56.4115924;66.43551282;59.83068395;60.7104684;1;1;3;2021;61;2;9;3538.4429;3460;78.4429;no
3/3/2021;3435.714286;3314.285714;3295.238095;117.7365906;62.22331446;57.63028304;55.35822882;66.90920227;60.77834618;57.09263687;2;1;3;2021;62;3;9;3512.8054;3440;72.8054;no
3/4/2021;3474.285714;3332.142857;3305.238095;19.02379462;46.02019761;50.88050378;51.33243871;50.27311835;55.52168341;52.49919944;3;1;3;2021;63;4;9;3423.1917;3360;63.1917;no
3/5/2021;3458.571429;3344.285714;3309.52381;47.40906082;39.95150232;47.86204823;49.44467442;30.16699678;50.71660855;51.69983914;4;1;3;2021;64;5;9;3369.7844;3320;49.7844;yes
3/8/2021;3435.714286;3351.428571;3313.333333;69.00655593;44.24074492;49.47598287;50.40225884;18.57305983;54.21350572;51.72152867;0;1;3;2021;67;8;10;3403.8242;3340;63.8242;no
3/9/2021;3414.285714;3360.714286;3315.714286;72.53898788;36.61293581;45.66983131;48.01491156;21.51149261;54.35348581;49.83385466;1;1;3;2021;68;9;10;3295.133;3290;5.133;yes
3/10/2021;3385.714286;3370.714286;3315.714286;76.99721702;56.05853679;54.04562343;53.1418991;21.22422694;53.27115009;49.78305235;2;1;3;2021;69;10;10;3393.6636;3400;-6.3364;yes
3/12/2021;3372.857143;3386.428571;3321.428571;62.9058253;62.20687373;57.27023455;55.24838616;37.20193741;56.83339207;54.11859072;4;1;3;2021;71;12;10;3423.7764;3450;-26.2236;yes
3/15/2021;3371.428571;3403.571429;3333.333333;60.67085281;50.63488941;51.79102747;51.82370677;38.99601037;57.98530649;55.40790607;0;1;3;2021;74;15;11;3349.1292;3380;-30.8708;yes
3/16/2021;3362.857143;3418.571429;3342.380952;53.13952883;47.67844134;50.31001127;50.87758279;44.17921853;48.28595672;53.03971426;1;1;3;2021;75;16;11;3346.0642;3360;-13.9358;yes
3/17/2021;3362.857143;3410.714286;3350.47619;53.13952883;52.52894992;52.50401867;52.25057564;60.54441165;40.38841709;52.65734969;2;1;3;2021;76;17;11;3395.5625;3390;5.5625;yes
3/18/2021;3372.857143;3404.285714;3358.571429;50.23753103;60.9713658;56.62866451;54.89788529;62.21944756;35.23601024;55.8493843;3;1;3;2021;77;18;11;3449.915;3450;-0.085;yes
3/19/2021;3388.571429;3401.428571;3370;55.20524475;58.93340885;55.75953918;54.37036773;58.81244639;37.57838093;55.30803657;4;1;3;2021;78;19;11;3449.6602;3440;9.6602;yes
3/22/2021;3410;3397.857143;3383.809524;36.51483717;47.7590461;50.72874932;51.2668213;46.70853072;31.83228436;51.90940644;0;1;3;2021;81;22;12;3357.2483;3380;-22.7517;yes
3/23/2021;3407.142857;3390;3393.333333;38.17254062;44.47926865;49.13730388;50.26264638;31.47851275;34.81012557;51.99536363;1;1;3;2021;82;23;12;3332.9685;3360;-27.0315;yes
3/24/2021;3394.285714;3382.857143;3400.47619;36.44957378;46.61773548;49.98222594;50.76890425;30.53235939;35.29831591;52.52916573;2;1;3;2021;83;24;12;3335.4038;3370;-34.5962;yes
3/25/2021;3392.857143;3377.857143;3410;37.28908943;54.75097159;53.32240977;52.78725952;46.34394748;45.23790367;47.82399335;3;1;3;2021;84;25;12;3398.3555;3410;-11.6445;yes
3/26/2021;3400;3381.428571;3407.142857;34.64101615;66.61827301;59.19197893;56.52982013;50.31350569;55.06165588;43.16564244;4;1;3;2021;85;26;12;3484.8716;3490;-5.1284;yes
3/29/2021;3414.285714;3393.571429;3407.619048;47.90864322;51.01027587;52.13223678;52.18617443;35.76040812;48.65126172;35.38632751;0;1;3;2021;88;29;13;3338.596;3410;-71.404;no
3/30/2021;3408.571429;3398.571429;3403.809524;45.25062483;46.2677447;49.73661551;50.65364762;40.78015397;50.41051248;38.45293387;1;1;3;2021;89;30;13;3361.3398;3380;-18.6602;yes
3/31/2021;3400;3405;3398.571429;43.96968653;53.05681903;52.84787672;52.6023153;45.3851243;46.10638082;35.32749634;2;1;3;2021;90;31;13;3425.8481;3420;5.8481;yes
4/1/2021;3405.714286;3406.428571;3395.238095;43.53433237;47.77499205;50.33152811;51.01582223;58.50786731;44.60794009;41.51699637;3;2;4;2021;91;1;13;3371.4124;3390;-18.5876;yes
4/5/2021;3410;3402.142857;3391.904762;39.58114029;45.99436438;49.48569177;50.48292207;62.33518866;45.23620083;42.68192091;0;2;4;2021;95;5;14;3366.59;3380;-13.41;yes
4/6/2021;3411.428571;3402.142857;3389.047619;38.04758925;44.07773325;48.60601937;49.93522893;45.79457166;46.12252862;45.37608339;1;2;4;2021;96;6;14;3355.4297;3370;-14.5703;yes
4/7/2021;3405.714286;3402.857143;3389.52381;41.17326918;51.19575854;51.39732522;51.58963358;42.33476163;47.3601502;52.01343347;2;2;4;2021;97;7;14;3359.5461;3400;-40.4539;yes
4/8/2021;3392.857143;3403.571429;3393.333333;17.99470822;48.78112035;50.41441616;50.9997778;43.98406784;38.8256221;47.56125091;3;2;4;2021;98;8;14;3360.8643;3390;-29.1357;yes
4/9/2021;3390;3399.285714;3395.714286;16.32993162;41.86944499;47.48084136;49.22683053;45.23337841;42.54894697;49.19442897;4;2;4;2021;99;9;14;3356.625;3360;-3.375;yes
4/12/2021;3387.142857;3393.571429;3399.047619;19.7604704;32.82581773;42.99079025;46.4037782;37.03394708;41.43934147;43.47958778;0;2;4;2021;102;12;15;3282.5903;3310;-27.4097;yes
4/13/2021;3371.428571;3388.571429;3394.761905;30.23715784;38.97683517;45.22221389;47.66433974;20.99796899;41.66046763;37.90983807;1;2;4;2021;103;13;15;3313.0835;3330;-16.9165;yes
4/14/2021;3362.857143;3386.428571;3389.047619;32.51373336;42.07109436;46.35288952;48.30268722;32.52034921;48.19210342;41.4925789;2;2;4;2021;104;14;15;3323.275;3340;-16.725;yes
4/15/2021;3357.142857;3384.285714;3387.142857;32.51373336;48.19981791;48.63640342;49.59379569;45.30097046;45.53417794;45.86755396;3;2;4;2021;105;15;15;3336.468;3360;-23.532;yes
4/16/2021;3355.714286;3380.714286;3387.142857;32.07134903;48.19981791;48.63640342;49.59379569;40.89584967;41.58127039;45.49051749;4;2;4;2021;106;16;15;3334.3315;3360;-25.6685;yes
4/19/2021;3350;3371.428571;3385.714286;25.81988898;42.13263719;46.34837606;48.26485867;42.41900138;43.1638708;39.87127323;0;2;4;2021;109;19;16;3324.0525;3340;-15.9475;yes
4/20/2021;3342.857143;3366.428571;3380.47619;18.89822365;36.73754951;44.11348766;46.94402932;42.62511174;43.85141808;42.57249756;1;2;4;2021;110;20;16;3288.6387;3320;-31.3613;yes
4/21/2021;3337.142857;3362.142857;3374.761905;18.89822365;28.28612217;39.96304369;44.39281106;46.35476177;41.31216549;42.8459062;2;2;4;2021;111;21;16;3272.1277;3280;-7.8723;yes
4/22/2021;3332.857143;3352.142857;3370;27.51622898;46.30135898;46.71214705;48.0951367;60.5710595;39.80874062;47.13000942;3;2;4;2021;112;22;16;3333.7148;3330;3.7148;yes
4/23/2021;3332.857143;3347.857143;3368.571429;27.51622898;41.44294859;44.55457933;46.78680943;48.15742144;39.66522052;48.18221016;4;2;4;2021;113;23;16;3319.018;3310;9.018;yes
4/26/2021;3328.571429;3342.857143;3365.714286;28.53569194;30.31104546;38.76925167;43.09411202;30.87815656;39.03147544;41.30465824;0;2;4;2021;116;26;17;3262.8188;3250;12.8188;yes
4/27/2021;3312.857143;3334.285714;3358.095238;37.28908943;20.61886373;32.04720255;38.32943696;12.03479156;25.87415764;30.8735201;1;2;4;2021;117;27;17;3089.1792;3160;-70.8208;no
4/28/2021;3284.285714;3317.142857;3342.380952;62.9436634;19.04041219;30.77041176;37.36546905;11.0302242;25.11604608;30.57910025;2;2;4;2021;118;28;17;2988.165;3140;-151.835;no
4/29/2021;3255.714286;3299.285714;3329.52381;77.21337165;36.1486306;38.66523256;41.96320584;29.49396134;35.05390275;37.83402833;3;2;4;2021;119;29;17;3135.4155;3200;-64.5845;no
4/30/2021;3238.571429;3287.857143;3320.952381;73.8079877;36.1486306;38.66523256;41.96320584;46.95435957;46.73476797;43.80984793;4;2;4;2021;120;30;17;3153.386;3200;-46.614;yes
5/3/2021;3227.142857;3280;3310.47619;72.50615737;31.60360159;36.26694698;40.33120609;34.91365754;43.80748847;37.49551899;0;2;5;2021;123;3;18;2992.1694;3170;-177.8306;no
5/4/2021;3204.285714;3268.571429;3300;58.55400438;42.79241326;41.47907277;43.41227693;42.02795438;44.06818956;40.79466579;1;2;5;2021;124;4;18;3097.4854;3210;-112.5146;no
5/5/2021;3190;3259.285714;3291.904762;36.51483717;40.84363719;40.58546812;42.83171415;45.42398782;40.43933118;41.93803807;2;2;5;2021;125;5;18;3097.3313;3200;-102.6687;no
5/6/2021;3182.857143;3247.857143;3283.809524;26.27691364;38.78308192;39.6652076;42.23860383;50.88999531;34.07376431;36.0185004;3;2;5;2021;126;6;18;3085.2197;3190;-104.7803;no
5/7/2021;3187.142857;3235.714286;3273.809524;24.29971585;38.78308192;39.6652076;42.23860383;65.82862743;41.1058436;41.45858173;4;2;5;2021;127;7;18;3088.3374;3190;-101.6626;no
5/10/2021;3194.285714;3225;3264.285714;12.72418021;34.09994259;37.6832778;40.98711784;48.75689183;39.53565746;40.33923048;0;2;5;2021;130;10;19;3060.7996;3170;-109.2004;no
5/11/2021;3190;3214.285714;3255.238095;15.27525232;38.43640446;39.31598215;41.89101502;33.18868226;41.21650049;42.5116235;1;2;5;2021;131;11;19;3077.9192;3180;-102.0808;no
5/17/2021;3187.142857;3207.142857;3249.047619;14.96026483;42.82572404;40.98122592;42.81077752;44.80983733;38.12928839;44.04729956;0;2;5;2021;137;17;20;3103.4275;3190;-86.5725;no
5/18/2021;3190;3197.142857;3242.380952;12.90994449;39.5370259;39.80490778;42.11090921;26.52835561;36.92228051;39.73892554;1;2;5;2021;138;18;20;3081.9993;3180;-98.0007;no
5/19/2021;3185.714286;3187.857143;3234.761905;9.759000731;33.52917728;37.48730628;40.71319715;35.07077404;41.53846593;38.91951409;2;2;5;2021;139;19;20;3057.1946;3160;-102.8054;no
5/20/2021;3180;3181.428571;3225.238095;11.54700539;71.46692765;57.48219286;52.998489;65.92798237;57.80267161;44.44197991;3;2;5;2021;140;20;20;3293.6091;3310;-16.3909;yes
5/21/2021;3197.142857;3192.142857;3222.857143;50.89672082;60.69045912;52.64634761;50.09209382;66.51410054;66.1445212;49.21916894;4;2;5;2021;141;21;20;3275.1316;3270;5.1316;yes
5/24/2021;3208.571429;3201.428571;3219.52381;57.56983337;58.13372085;51.48033008;49.38123649;71.5168452;58.9073261;48.98907781;0;2;5;2021;144;24;21;3276.0447;3260;16.0447;yes
5/25/2021;3221.428571;3205.714286;3216.666667;57.56983337;65.01215817;55.70627395;52.2285233;74.75325258;55.72260723;52.29894027;1;2;5;2021;145;25;21;3294.6475;3300;-5.3525;yes
5/27/2021;3238.571429;3212.857143;3217.619048;60.94494002;74.70799768;62.70299453;57.27534064;82.41879318;71.00742232;57.05210594;3;2;5;2021;147;27;21;3451.2734;3380;71.2734;no
5/28/2021;3265.714286;3227.857143;3220;76.1264612;51.71724707;50.81670736;49.69553169;81.04029452;64.16459641;55.60682995;4;2;5;2021;148;28;21;3259.0706;3270;-10.9294;yes
5/31/2021;3278.571429;3232.142857;3218.095238;66.18876325;68.94734684;62.61246186;58.58867415;83.39631258;68.52951092;60.70457428;0;2;5;2021;151;31;22;3403.808;3440;-36.192;yes
6/2/2021;3318.571429;3249.285714;3227.142857;67.18843438;69.68965547;63.17199026;59.03596681;81.7667372;75.72449265;68.03608854;2;2;6;2021;153;2;22;3432.841;3450;-17.159;yes
6/3/2021;3338.571429;3267.857143;3240.952381;83.15218406;72.73160594;65.40240609;60.8136593;81.2603522;75.47838645;72.4437896;3;2;6;2021;154;3;22;3539.5674;3490;49.5674;yes
6/4/2021;3370;3289.285714;3257.619048;93.8083152;73.50709842;65.95748398;61.25502504;89.29289312;82.6831948;71.96367601;4;2;6;2021;155;4;22;3555.2424;3500;55.2424;yes
6/7/2021;3404.285714;3312.857143;3271.904762;90.71147352;77.27678022;68.66454892;63.41818419;90.15064139;84.29130368;71.86237344;0;2;6;2021;158;7;23;3597.3442;3550;47.3442;yes
6/8/2021;3440;3339.285714;3288.571429;92.01449161;66.27481039;63.24816274;59.9063405;71.18473922;76.77638428;71.08061293;1;2;6;2021;159;8;23;3590.9285;3500;90.9285;no
6/9/2021;3457.142857;3361.428571;3304.285714;90.13217807;48.53808209;53.28901632;53.11229539;68.85951657;74.87262087;66.11100714;2;2;6;2021;160;9;23;3429.953;3390;39.953;yes
6/10/2021;3474.285714;3376.428571;3312.857143;51.91568256;59.00948765;58.98019594;57.27501079;68.20246125;76.28564908;68.40571632;3;2;6;2021;161;10;23;3492.01;3480;12.01;yes
6/11/2021;3480;3399.285714;3326.190476;49.66554809;57.49300209;58.13268399;56.68785338;67.06594196;74.67234756;72.55687818;4;2;6;2021;162;11;23;3499.0166;3470;29.0166;yes
6/14/2021;3482.857143;3410.714286;3339.52381;48.20590756;48.72729801;53.19371944;53.24879385;59.11714497;70.66923449;69.62307664;0;2;6;2021;165;14;24;3448.186;3410;38.186;yes
6/15/2021;3471.428571;3420.714286;3350;55.20524475;52.91495943;55.24133016;54.69185671;49.84731138;70.71636129;70.90726206;1;2;6;2021;166;15;24;3475.4514;3440;35.4514;yes
6/16/2021;3462.857143;3433.571429;3362.857143;54.68524655;48.31151599;52.75591411;52.9749286;36.15460042;67.65179192;69.52522018;2;2;6;2021;167;16;24;3436.8657;3410;26.8657;yes
6/17/2021;3442.857143;3441.428571;3373.809524;41.51878519;40.15943128;48.09521056;49.6985615;42.05934577;59.29541509;67.84337523;3;2;6;2021;168;17;24;3412.881;3350;62.881;no
6/18/2021;3421.428571;3439.285714;3381.428571;45.61745698;40.15943128;48.09521056;49.6985615;38.13129008;55.8318951;64.89763231;4;2;6;2021;169;18;24;3359.8335;3350;9.8335;yes
6/21/2021;3415.714286;3445;3389.52381;52.23572943;33.70790947;44.31176494;47.02640839;16.18844446;47.42505204;62.01892664;0;2;6;2021;172;21;25;3281.6912;3300;-18.3088;yes
6/22/2021;3390;3435;3396.190476;59.16079783;33.70790947;44.31176494;47.02640839;16.73113467;46.45477658;60.14457733;1;2;6;2021;173;22;25;3279.4746;3300;-20.5254;yes
6/23/2021;3365.714286;3424.285714;3395.714286;55.63486403;49.245147;50.61905064;51.08578412;30.26780404;46.53655957;59.76072205;2;2;6;2021;174;23;25;3347.8962;3370;-22.1038;yes
6/24/2021;3360;3415.714286;3400.47619;52.28129047;33.52859088;41.86518371;44.89343826;28.38116539;40.05929098;58.7350911;3;2;6;2021;175;24;25;3269.207;3250;19.207;yes
6/25/2021;3332.857143;3397.857143;3400;53.13952883;33.52859088;41.86518371;44.89343826;27.6012993;31.90388888;55.97266557;4;2;6;2021;176;25;25;3255.194;3250;5.194;yes
6/28/2021;3310;3376.428571;3397.619048;48.6483984;25.99924825;36.92759335;41.22094953;27.04503058;33.95473484;48.8534495;0;2;6;2021;179;28;26;3133.8757;3170;-36.1243;yes
6/29/2021;3284.285714;3352.857143;3387.619048;67.78818551;25.17479781;36.35047243;40.78306782;29.40636662;33.81735442;48.08647682;1;2;6;2021;180;29;26;3035.2869;3160;-124.7131;no
6/30/2021;3257.142857;3336.428571;3382.380952;74.76948703;24.27666697;35.74879749;40.33319399;26.62417117;21.92435037;40.60777618;2;2;6;2021;181;30;26;3045.9043;3150;-104.0957;no
7/1/2021;3235.714286;3312.857143;3368.571429;81.62049229;20.81177619;33.3695128;38.54730622;11.97850814;14.04637394;34.48789421;3;3;7;2021;182;1;26;3026.3374;3110;-83.6626;no
7/2/2021;3208.571429;3287.142857;3352.380952;88.02056037;17.84102031;31.13770758;36.83477361;-1.42109E-14;12.95901977;29.40789996;4;3;7;2021;183;2;26;2898.0967;3070;-171.9033;no
7/5/2021;3165.714286;3262.857143;3332.380952;66.79749069;15.86008058;29.54186419;35.58963164;-1.42109E-14;12.39580239;25.22601029;0;3;7;2021;186;5;27;2846.9756;3040;-193.0244;no
7/6/2021;3135.714286;3234.285714;3310.47619;69.72736021;14.04120593;27.99663079;34.369726;-1.42109E-14;11.57977821;18.90496757;1;3;7;2021;187;6;27;2773.0388;3010;-236.9612;no
7/7/2021;3101.428571;3205.714286;3284.761905;62.83008075;21.08062098;30.6027361;35.90755354;11.18776668;17.7579214;24.10144111;2;3;7;2021;188;7;27;2862.9868;3030;-167.0132;no
7/8/2021;3081.428571;3182.857143;3262.380952;59.56189258;19.24218916;29.45464177;35.0453242;11.16112249;18.34254817;24.02127206;3;3;7;2021;189;8;27;2809.941;3010;-200.059;no
7/9/2021;3060;3158.571429;3244.285714;53.22906474;54.19513519;45.85987807;45.37484601;31.73933526;29.70124746;26.37548843;4;3;7;2021;190;9;27;3183.985;3160;23.985;yes
7/12/2021;3061.428571;3148.571429;3229.047619;56.10364558;49.22402742;43.672438;43.90849598;42.41395474;29.36782371;26.23129234;0;3;7;2021;193;12;28;3132.8984;3130;2.8984;yes
7/13/2021;3064.285714;3136.428571;3212.857143;59.40177968;40.54605502;39.60375112;41.11804594;46.06676694;24.32124486;25.8740671;1;3;7;2021;194;13;28;3050.779;3070;-19.221;yes
7/14/2021;3064.285714;3115;3196.666667;59.40177968;39.20221591;38.952401;40.66578106;48.62201789;24.65991315;25.68881801;2;3;7;2021;195;14;28;3034.3606;3060;-25.6394;yes
7/15/2021;3067.142857;3101.428571;3178.571429;58.51332775;52.15305046;45.68635089;45.10380814;63.232037;29.39357729;28.89369694;3;3;7;2021;196;15;28;3161.6792;3130;31.6792;yes
7/16/2021;3084.285714;3092.857143;3165.238095;56.52643714;58.10286072;49.13885393;47.46163817;61.13846625;33.20528571;31.45903492;4;3;7;2021;197;16;28;3219.3904;3170;49.3904;yes
7/19/2021;3104.285714;3092.857143;3156.666667;58.83795341;64.53437554;53.14796631;50.26532116;77.86540458;40.32147032;37.40081554;0;3;7;2021;200;19;29;3255.8064;3220;35.8064;yes
7/21/2021;3134.285714;3097.142857;3150.47619;56.23081684;62.30279176;52.26070402;49.70826335;74.26263074;47.96703802;41.76544675;2;3;7;2021;202;21;29;3269.8135;3210;59.8135;no
7/22/2021;3141.428571;3101.428571;3146.190476;62.83008075;68.63050035;56.19813258;52.47346772;72.72847632;53.97079048;40.65736897;3;3;7;2021;203;22;29;3300.1125;3260;40.1125;yes
7/23/2021;3160;3112.142857;3144.285714;76.59416862;50.74351582;48.45168248;47.53382881;74.38764406;57.26755146;37.17501993;4;3;7;2021;204;23;29;3176.9614;3170;6.9614;yes
7/26/2021;3174.285714;3119.285714;3134.761905;65.538066;53.86112212;50.09784355;48.66148199;77.87841833;60.24968142;38.00020926;0;3;7;2021;207;26;30;3179.7673;3190;-10.2327;yes
7/27/2021;3192.857143;3130;3131.904762;41.91828786;64.38166696;56.13241253;52.91212436;76.93903276;68.77759284;40.80640204;1;3;7;2021;208;27;30;3232.0364;3270;-37.9636;yes
7/28/2021;3212.857143;3148.571429;3132.857143;40.29652;50.85350277;49.66458492;48.68006556;60.47114727;60.84748499;40.13580245;2;3;7;2021;209;28;30;3181.6843;3190;-8.3157;yes
7/29/2021;3215.714286;3160;3133.809524;37.35288604;56.21976103;52.60514855;50.74819606;61.28018599;70.49855453;45.74778841;3;3;7;2021;210;29;30;3220.5986;3230;-9.4014;yes
7/30/2021;3217.142857;3175.714286;3137.142857;37.73340064;57.57098925;53.33904576;51.26374901;59.97070535;67.49742184;51.0328163;4;3;7;2021;211;30;30;3235.4563;3240;-4.5437;yes
8/2/2021;3221.428571;3181.428571;3141.428571;38.48314412;66.11250385;58.21648396;54.74551886;60.82621887;66.85816727;55.82596143;0;3;8;2021;214;2;31;3246.6895;3310;-63.3105;no
8/3/2021;3228.571429;3194.285714;3150.952381;49.80915961;68.24350318;59.51848566;55.69507619;73.67249282;74.0228822;62.05194441;1;3;8;2021;215;3;31;3323.2776;3330;-6.7224;yes
8/4/2021;3251.428571;3212.857143;3163.333333;54.902511;72.30692412;62.06453413;57.56491418;83.14693802;80.64966767;67.25758166;2;3;8;2021;216;4;31;3398.281;3370;28.281;yes
8/5/2021;3277.142857;3235;3179.047619;62.9058253;65.02648525;59.06413052;55.71325488;83.95212727;80.7857705;73.778211;3;3;8;2021;217;5;31;3338.2812;3340;-1.7188;yes
8/6/2021;3287.142857;3250;3194.761905;67.01101544;60.30391213;57.08289726;54.48641056;94.23554063;77.3978745;71.02281954;4;3;8;2021;218;6;31;3329.047;3320;9.047;yes
8/9/2021;3305.714286;3260.714286;3208.571429;51.91568256;46.5109277;50.67574996;50.40715899;79.74333699;69.96122241;73.11237607;0;3;8;2021;221;9;32;3206.3562;3250;-43.6438;yes
8/10/2021;3308.571429;3262.857143;3220;47.40906082;43.21606922;48.98402481;49.29987414;65.94615646;62.71530544;67.05253004;1;3;8;2021;222;10;32;3242.643;3230;12.643;yes
8/12/2021;3307.142857;3264.285714;3223.333333;49.90467103;62.03987514;58.0359842;55.46334417;68.24606871;64.32345039;67.28206335;3;3;8;2021;224;12;32;3361.5784;3350;11.5784;yes
8/13/2021;3312.857143;3270.714286;3233.809524;52.50850271;53.42990007;53.75604906;52.66245816;61.18315754;68.54118395;70.65410802;4;3;8;2021;225;13;32;3319.8652;3300;19.8652;yes
8/16/2021;3308.571429;3280;3244.761905;52.09880723;58.77034517;56.51864622;54.58879272;58.62603788;73.55435573;75.08619814;0;3;8;2021;228;16;33;3354.7979;3340;14.7979;yes
8/18/2021;3304.285714;3290.714286;3258.095238;47.20774755;67.47362164;61.47558304;58.16395631;65.56206806;76.16084318;76.41123;2;3;8;2021;230;18;33;3379.4368;3420;-40.5632;yes
8/19/2021;3315.714286;3301.428571;3271.904762;63.99404734;61.76906176;58.76987433;56.41512081;56.69381904;75.90430659;70.69843402;3;3;8;2021;231;19;33;3362.0825;3390;-27.9175;yes
8/20/2021;3325.714286;3315.714286;3282.380952;69.96597813;62.98603022;59.41115552;56.86901275;72.26809929;75.73903473;70.77249012;4;3;8;2021;232;20;33;3483.7114;3400;83.7114;no
8/23/2021;3347.142857;3327.857143;3290.952381;65.75568054;67.77329118;61.95986627;58.6764512;82.35132805;75.11753068;69.94184244;0;3;8;2021;235;23;34;3524.1123;3440;84.1123;no
8/24/2021;3377.142857;3342.142857;3301.904762;49.23220007;58.88758462;58.03530751;56.20343873;69.09026489;68.69519589;65.98652312;1;3;8;2021;236;24;34;3420.0605;3400;20.0605;yes
8/25/2021;3384.285714;3348.571429;3308.571429;48.25527358;52.82721442;55.21075287;54.39794686;61.67880666;61.48494248;65.86427767;2;3;8;2021;237;25;34;3398.2698;3370;28.2698;yes
8/26/2021;3394.285714;3351.428571;3318.095238;32.58688021;50.79431426;54.26272153;53.79312501;54.02427801;55.72523557;65.73892426;3;3;8;2021;238;26;34;3361.3452;3360;1.3452;yes
8/27/2021;3397.142857;3350.714286;3326.190476;27.51622898;43.06124799;50.52545614;51.39318818;33.62163854;48.20334344;61.89902951;4;3;8;2021;239;27;34;3331.822;3320;11.822;yes
8/30/2021;3382.857143;3349.285714;3328.571429;37.73340064;57.98600819;56.91657978;55.55704036;49.07990243;52.96921176;67.35748988;0;3;8;2021;242;30;35;3423.0447;3400;23.0447;yes
8/31/2021;3384.285714;3355;3338.571429;38.23486317;57.98600819;56.91657978;55.55704036;50.71596587;62.0110212;67.55009342;1;3;8;2021;243;31;35;3426.9978;3400;26.9978;yes
9/1/2021;3384.285714;3365.714286;3346.666667;38.23486317;45.74542906;51.16723921;51.88205828;36.60935739;60.34957451;61.97513723;2;3;9;2021;244;1;35;3329.358;3340;-10.642;yes
9/2/2021;3370;3373.571429;3351.428571;32.14550254;51.69380462;53.68632618;53.49699836;47.89439799;58.86801446;61.80248462;3;3;9;2021;245;2;35;3341.7942;3370;-28.2058;yes
9/3/2021;3365.714286;3375;3354.285714;29.35821456;55.489409;55.34034582;54.56443798;60.75171289;61.25812504;61.23865212;4;3;9;2021;246;3;35;3413.2869;3390;23.2869;yes
9/6/2021;3368.571429;3381.428571;3357.142857;30.78342164;55.489409;55.34034582;54.56443798;68.07237422;59.91107144;59.58454817;0;3;9;2021;249;6;36;3414.4766;3390;24.4766;yes
9/7/2021;3372.857143;3385;3358.095238;31.4718317;52.67279057;54.21752492;53.88263366;71.00110403;50.51486144;55.25846836;1;3;9;2021;250;7;36;3404.3271;3380;24.3271;yes
9/8/2021;3381.428571;3382.142857;3360;21.15700942;40.63952857;48.87762183;50.56549499;54.45467493;51.65261217;53.42961221;2;3;9;2021;251;8;36;3345.9714;3330;15.9714;yes
9/9/2021;3371.428571;3377.857143;3360.47619;26.72612419;55.02430117;54.64978934;54.12402524;49.01255403;49.9621654;58.44688076;3;3;9;2021;252;9;36;3403.6821;3390;13.6821;yes
9/10/2021;3370;3377.142857;3367.142857;25.16611478;42.89666895;48.72510345;50.32059431;53.36036169;43.51895307;58.58513963;4;3;9;2021;253;10;36;3341.936;3330;11.936;yes
9/13/2021;3368.571429;3369.285714;3371.904762;27.34262328;47.40476746;50.64582395;51.51314677;40.27739406;44.72235451;54.10800408;0;3;9;2021;256;13;37;3337.327;3350;-12.673;yes
9/14/2021;3365.714286;3365.714286;3371.904762;28.19996623;62.81625064;58.22870904;56.45245969;53.26372786;57.17819923;58.91651398;1;3;9;2021;257;14;37;3423.0352;3440;-16.9648;yes
9/15/2021;3372.857143;3370.714286;3378.571429;39.46064948;64.1769582;58.9827915;56.96393175;59.66587817;63.51277487;59.82970285;2;3;9;2021;258;15;37;3483.8313;3450;33.8313;yes
9/16/2021;3381.428571;3377.142857;3383.809524;49.13538149;61.54922657;57.85795676;56.26998778;64.7528764;67.67378193;55.35373993;3;3;9;2021;259;16;37;3430.576;3440;-9.424;yes
9/17/2021;3390;3385.714286;3384.761905;53.85164807;73.1099086;64.43222333;60.78452967;82.18149911;69.52429353;62.73505224;4;3;9;2021;260;17;37;3563.963;3530;33.963;yes
9/20/2021;3418.571429;3395;3391.428571;67.92853387;70.36736254;63.25150913;60.06113647;82.34432826;68.1312627;62.04535538;0;3;9;2021;263;20;38;3584.7412;3520;64.7412;no
9/21/2021;3437.142857;3403.571429;3397.142857;76.0951785;71.60985042;63.96268784;60.55405263;92.45056403;77.38048701;62.92857824;1;3;9;2021;264;21;38;3664.3677;3530;134.3677;no
9/22/2021;3465.714286;3417.142857;3401.428571;66.0447179;78.05181696;67.96818737;63.39983049;100;77.81681089;67.57382694;2;3;9;2021;265;22;38;3684.4507;3590;94.4507;no
9/23/2021;3500;3432.857143;3410.47619;57.73502692;68.9282469;64.13004962;61.08616397;100;78.78359508;72.79485732;3;3;9;2021;266;23;38;3645.2366;3560;85.2366;no
9/24/2021;3517.142857;3445;3419.52381;54.68524655;68.9282469;64.13004962;61.08616397;86.54501678;73.37652898;71.82530388;4;3;9;2021;267;24;38;3646.7556;3560;86.7556;no
9/27/2021;3532.857143;3457.142857;3429.047619;47.50939757;56.86511604;58.97982193;57.97603423;74.5555367;70.31498642;70.50382826;0;3;9;2021;270;27;39;3505.3118;3520;-14.6882;yes
9/28/2021;3544.285714;3467.142857;3438.571429;26.367368;58.95998616;59.84797636;58.53027204;68.79417524;75.52860533;69.26922726;1;3;9;2021;271;28;39;3603.865;3530;73.865;no
9/29/2021;3544.285714;3481.428571;3444.761905;26.367368;58.95998616;59.84797636;58.53027204;62.73855213;73.51224278;66.40651975;2;3;9;2021;272;29;39;3606.2693;3530;76.2693;no
9/30/2021;3545.714286;3491.428571;3450.952381;25.07132682;80.05491164;71.17017553;66.35717792;67.50748653;80.89062445;73.95718934;3;3;9;2021;273;30;39;3748.8782;3690;58.8782;no
10/1/2021;3568.571429;3517.142857;3467.619048;58.71642911;71.96339047;67.33612838;63.97983088;70.29668589;85.88169805;75.08837912;4;4;10;2021;274;1;39;3734.7285;3660;74.7285;no
10/4/2021;3578.571429;3539.285714;3481.428571;68.17344826;73.02374098;67.95581493;64.42590455;52.66533448;76.83720321;69.81179489;0;4;10;2021;277;4;40;3734.8;3670;64.8;no
10/5/2021;3594.285714;3555.714286;3494.761905;75.46680128;73.02374098;67.95581493;64.42590455;70.84597604;78.35864812;72.47247631;1;4;10;2021;278;5;40;3752.491;3670;82.491;no
10/6/2021;3610;3571.428571;3508.095238;78.5281266;81.56474861;73.25245249;68.31888645;87.22838178;81.07089892;76.66006312;2;4;10;2021;279;6;40;3813.0376;3760;53.0376;yes
10/7/2021;3644.285714;3594.285714;3526.190476;84.82474931;70.06262426;67.88203506;64.99944547;80.02606977;75.37422556;77.38507639;3;4;10;2021;280;7;40;3780.9146;3720;60.9146;no
10/8/2021;3671.428571;3607.857143;3544.761905;71.51423435;77.47448269;72.2620441;68.24003133;82.39787823;75.65733418;77.62933995;4;4;10;2021;281;8;40;3865.7874;3800;65.7874;no
10/11/2021;3710;3627.857143;3564.285714;52.91502622;78.25943106;72.76207371;68.62134489;80.66969291;75.45046026;80.79924773;0;4;10;2021;284;11;41;3893.602;3810;83.602;no
10/12/2021;3727.142857;3647.857143;3587.142857;63.69570517;69.75212934;68.75757847;66.12071024;69.04030809;69.58195955;79.39030738;1;4;10;2021;285;12;41;3847.2869;3780;67.2869;no
10/13/2021;3744.285714;3661.428571;3607.619048;58.55400438;66.92297948;67.42549847;65.2880028;68.23399991;61.71881263;73.35499566;2;4;10;2021;286;13;41;3832.6714;3770;62.6714;no
10/14/2021;3758.571429;3676.428571;3623.333333;48.79500365;74.23748249;71.04959912;67.83962618;66.25687375;68.3943507;73.82949451;3;4;10;2021;287;14;41;3917.5837;3830;87.5837;no
10/15/2021;3781.428571;3695.714286;3641.428571;36.25307869;68.35881993;68.3209977;66.13803089;48.54598763;69.04948284;70.88711464;4;4;10;2021;288;15;41;3912.312;3810;102.312;no
10/18/2021;3788.571429;3716.428571;3659.047619;36.25307869;62.57758175;65.6075769;64.44086806;60.37036174;71.00790365;70.39530599;0;4;10;2021;291;18;42;3872.5498;3790;82.5498;no
10/19/2021;3798.571429;3735;3671.428571;20.35400978;50.19586086;59.27000887;60.37407522;46.97613455;67.72286513;66.55619432;1;4;10;2021;292;19;42;3758.798;3740;18.798;yes
10/21/2021;3790;3750;3681.904762;30;66.97000094;66.85555355;65.41581264;54.68458582;68.2970162;68.09483854;3;4;10;2021;294;21;42;3908.1863;3850;58.1863;no
10/22/2021;3795.714286;3761.428571;3697.142857;37.35288604;69.17241245;68.02169152;66.23594145;65.21366232;67.18184431;68.05544889;4;4;10;2021;295;22;42;3947.2974;3870;77.2974;no
10/25/2021;3808.571429;3776.428571;3710.47619;45.61745698;51.23634125;58.11312959;59.56209418;68.3326581;68.28047539;63.97547681;0;4;10;2021;298;25;43;3789.954;3780;9.954;yes
10/26/2021;3810;3784.285714;3720.952381;44.34711565;54.30797266;59.52414389;60.49096592;66.20695475;66.23341519;67.69132313;1;4;10;2021;299;26;43;3816.7852;3800;16.7852;yes
10/27/2021;3805.714286;3793.571429;3732.380952;43.53433237;52.38319062;58.46368371;59.77017235;68.35918632;58.37986019;68.83098942;2;4;10;2021;300;27;43;3793.934;3790;3.934;yes
10/28/2021;3802.857143;3795.714286;3745.238095;43.8612531;44.94883709;54.29672216;56.92147808;55.65069487;58.11708835;66.47202294;3;4;10;2021;301;28;43;3757.073;3750;7.073;yes
10/29/2021;3797.142857;3797.857143;3755.714286;48.20590756;54.38896704;58.29788389;59.45759985;67.82257925;57.30956921;67.75172017;4;4;10;2021;302;29;43;3818.427;3800;18.427;yes
11/1/2021;3805.714286;3797.857143;3768.571429;41.17326918;38.84598364;49.04910272;52.91557589;44.57416771;50.62300126;62.54990368;0;4;11;2021;305;1;44;3735.6836;3700;35.6836;yes
11/2/2021;3784.285714;3790;3769.047619;51.91568256;34.27501718;45.91150056;50.57825733;24.35728368;46.46298128;54.68728199;1;4;11;2021;306;2;44;3686.3386;3660;26.3386;yes
11/3/2021;3754.285714;3781.428571;3769.047619;54.72876844;45.49808789;50.97721528;53.79283735;34.02960043;52.36736218;58.31876432;2;4;11;2021;307;3;44;3686.0938;3720;-33.9062;yes
11/4/2021;3745.714286;3777.857143;3771.428571;54.72876844;53.25795787;54.77812696;56.28103085;33.28441766;50.44329469;56.2979699;3;4;11;2021;308;4;44;3759.149;3770;-10.851;yes
11/5/2021;3741.428571;3773.571429;3776.190476;50.80307452;53.25795787;54.77812696;56.28103085;33.92046702;51.75728176;50.65094014;4;4;11;2021;309;5;44;3755.0315;3770;-14.9685;yes
11/8/2021;3738.571429;3770.714286;3776.666667;48.10702354;49.42656485;52.87626104;54.97551325;34.09514795;45.10221716;50.57640188;0;4;11;2021;312;8;45;3726.2131;3750;-23.7869;yes
11/9/2021;3738.571429;3767.857143;3778.095238;48.10702354;42.32231265;49.19727258;52.42191335;19.29646119;43.81949083;44.89135719;1;4;11;2021;313;9;45;3669.212;3710;-40.788;yes
11/10/2021;3725.714286;3765.714286;3773.809524;40.35556255;40.61945316;48.29263775;51.79042931;19.76628108;31.06620933;40.612315;2;4;11;2021;314;10;45;3664.14;3700;-35.86;yes
11/11/2021;3725.714286;3755;3768.571429;40.35556255;32.89804794;43.94187363;48.70989529;23.02525282;23.75535379;40.02916122;3;4;11;2021;315;11;45;3634.9329;3650;-15.0671;yes
11/12/2021;3724.285714;3739.285714;3762.380952;43.14979446;26.92647698;40.05560686;45.84655785;10.62009669;22.55216248;39.45733575;4;4;11;2021;316;12;45;3611.8416;3600;11.8416;yes
11/15/2021;3707.142857;3726.428571;3754.285714;63.95683068;26.92647698;40.05560686;45.84655785;-1.42109E-14;16.32669909;33.68913474;0;4;11;2021;319;15;46;3574.8066;3600;-25.1934;yes
11/16/2021;3682.857143;3712.142857;3743.333333;68.24326236;45.7062366;47.58268178;50.35129918;16.34557928;24.46697098;39.02878078;1;4;11;2021;320;16;46;3662.9;3670;-7.1;yes
11/17/2021;3668.571429;3703.571429;3736.666667;56.39993246;39.02073273;44.16959214;47.95768971;15.78835924;24.06705882;34.19267569;2;4;11;2021;321;17;46;3627.8591;3630;-2.1409;yes
11/18/2021;3651.428571;3695;3729.047619;44.50789122;39.02073273;44.16959214;47.95768971;16.88830954;18.04138068;34.39424928;3;4;11;2021;322;18;46;3596.7854;3630;-33.2146;yes
11/19/2021;3640;3682.857143;3723.809524;36.51483717;73.98346923;64.24631218;61.55758693;49.40047284;38.12708293;39.68347168;4;4;11;2021;323;19;46;3849.9512;3900;-50.0488;yes
11/22/2021;3668.571429;3697.142857;3726.190476;105.1076546;59.29370489;56.18731245;55.87884641;65.45316141;52.04201104;44.36938383;0;4;11;2021;326;22;47;3799.1746;3800;-0.8254;yes
11/23/2021;3690;3707.142857;3722.857143;115.4700538;59.29370489;56.18731245;55.87884641;68.48473503;47.88765457;44.14458227;1;4;11;2021;327;23;47;3801.8655;3800;1.8655;yes
11/24/2021;3718.571429;3712.857143;3723.809524;114.226175;59.29370489;56.18731245;55.87884641;75.76822307;45.84028001;42.38092342;2;4;11;2021;328;24;47;3819.4143;3800;19.4143;yes
11/25/2021;3747.142857;3715;3723.809524;104.1976145;75.03592498;66.64027593;63.64391713;80.19188139;56.57908085;51.11573486;3;4;11;2021;329;25;47;3950.167;4000;-49.833;yes
11/26/2021;3794.285714;3731.428571;3733.809524;133.8976155;75.58666707;67.06340506;63.97676104;89.78209152;64.44366633;57.7549866;4;4;11;2021;330;26;47;4008.7615;4010;-1.2385;yes
11/29/2021;3848.571429;3750;3746.190476;133.2201901;81.70734658;72.03011883;67.97841074;94.99650322;72.02370348;60.80710211;0;4;11;2021;333;29;48;4095.009;4140;-44.991;yes
11/30/2021;3921.428571;3780.714286;3762.380952;133.2201901;61.08983616;60.66307698;59.91483151;64.73678382;59.31088688;52.25373858;1;4;11;2021;334;30;48;3962.5557;3990;-27.4443;yes
12/1/2021;3934.285714;3801.428571;3776.190476;135.1366152;66.9309409;64.30306679;62.70211777;64.89919601;65.11152381;58.77793352;2;4;12;2021;335;1;48;4031.391;4080;-48.609;yes
12/2/2021;3974.285714;3832.142857;3796.190476;130.1098437;71.38556779;67.20777694;64.97517618;70.52255993;69.78121656;59.87748888;3;4;12;2021;336;2;48;4101.501;4160;-58.499;no
12/3/2021;4025.714286;3872.142857;3817.142857;120.5345238;60.66061022;61.17669648;60.61177405;66.14032079;69.28359882;57.11060293;4;4;12;2021;337;3;48;4074.5486;4070;4.5486;yes
12/6/2021;4064.285714;3905.714286;3831.428571;68.03360514;67.07326812;64.94125562;63.47352799;62.55989546;69.54251129;59.51013411;0;4;12;2021;340;6;49;4161.346;4170;-8.654;yes
12/7/2021;4088.571429;3941.428571;3850.47619;71.51423435;64.61559246;63.61269879;62.5196308;55.37329149;71.78448897;60.64332276;1;4;12;2021;341;7;49;4148.8906;4150;-1.1094;yes
12/8/2021;4108.571429;3978.571429;3869.52381;65.17376042;57.27084696;59.66891127;59.69378412;39.92814596;69.74623376;60.01610894;2;4;12;2021;342;8;49;4113.467;4090;23.467;yes
12/9/2021;4101.428571;4011.428571;3887.619048;63.88233231;62.27382895;62.1931197;61.52001782;70.9745998;66.86179826;62.23042351;3;4;12;2021;343;9;49;4149.9004;4150;-0.0996;yes
12/10/2021;4124.285714;4029.285714;3909.047619;42.37025012;62.27382895;62.1931197;61.52001782;50.99167243;60.66966492;62.11387491;4;4;12;2021;344;10;49;4145.618;4150;-4.382;yes
12/13/2021;4134.285714;4054.285714;3932.857143;38.23486317;52.51062785;57.33754627;58.13215264;34.80743614;60.59163833;62.89794465;0;4;12;2021;347;13;50;4100.1895;4080;20.1895;yes
12/14/2021;4122.857143;4074.285714;3955.714286;41.11540089;54.86914465;58.33835534;58.81260118;36.16306717;58.40665104;62.99931493;1;4;12;2021;348;14;50;4117.3867;4100;17.3867;yes
12/15/2021;4127.142857;4095.714286;3979.52381;35.9231985;51.86406564;56.90085202;57.82580907;16.9199138;50.29608396;59.98514126;2;4;12;2021;349;15;50;4137.9717;4080;57.9717;yes
12/16/2021;4114.285714;4101.428571;3999.047619;34.08672413;54.7550429;58.0149766;58.55595012;30.17677401;46.74114573;62.872415;3;4;12;2021;350;16;50;4142.4404;4100;42.4404;yes
12/17/2021;4107.142857;4107.857143;4021.428571;30.39423504;54.7550429;58.0149766;58.55595012;28.535357;35.60807412;60.72956167;4;4;12;2021;351;17;50;4157.2256;4100;57.2256;yes
12/20/2021;4108.571429;4105;4043.809524;29.68084199;50.61726193;56.32630311;57.45922356;26.83041036;50.31726705;57.63266067;0;4;12;2021;354;20;51;4147.426;4080;67.426;no
12/21/2021;4098.571429;4111.428571;4052.380952;24.78478796;63.4919955;61.19226334;60.56160936;41.90819365;46.34335343;56.13506895;1;4;12;2021;355;21;51;4190.914;4160;30.914;yes
12/22/2021;4100;4117.142857;4069.52381;28.28427125;53.34998231;56.92347424;57.7955949;42.88327817;39.07172087;56.38990831;2;4;12;2021;356;22;51;4144.9424;4110;34.9424;yes
12/23/2021;4104.285714;4113.571429;4084.285714;26.99206233;60.67801527;59.93352617;59.7269446;53.38010109;45.27504885;57.27654493;3;4;12;2021;357;23;51;4181.871;4160;21.871;yes
12/24/2021;4112.857143;4120;4101.428571;34.01680257;51.28010495;55.73905149;56.9886462;58.68528947;38.50804683;52.16938637;4;4;12;2021;358;24;51;4157.427;4110;47.427;yes
12/27/2021;4117.142857;4115.714286;4106.666667;30.93772547;46.26426535;53.32750868;55.38881881;46.62402102;37.43342391;46.71620875;0;4;12;2021;361;27;52;4134.146;4080;54.146;yes
12/28/2021;4114.285714;4110.714286;4110;33.59421719;48.23337597;54.0412924;55.82287928;60.12715085;40.11906471;40.02187715;1;4;12;2021;362;28;52;4150.783;4090;60.783;no
12/29/2021;4112.857143;4110.714286;4107.619048;34.50327797;46.25585794;53.16566055;55.25834066;54.47454316;36.27760279;51.12984046;2;4;12;2021;363;29;52;4128.626;4080;48.626;yes
12/30/2021;4112.857143;4105.714286;4111.904762;34.50327797;38.82712412;49.69693377;53.00688701;28.67598733;37.88691294;43.11705742;3;4;12;2021;364;30;52;4078.1545;4040;38.1545;yes
1/3/2022;4095.714286;4097.857143;4110;36.90399385;63.05510853;59.62572436;59.12699499;49.59185781;45.03284456;41.1687743;0;1;1;2022;3;3;1;4183.8496;4180;3.8496;yes
1/4/2022;4105.714286;4105;4110.952381;48.94116974;61.04047954;58.73396463;58.55505491;47.59856112;51.53441916;45.73704532;1;1;1;2022;4;4;1;4191.8047;4170;21.8047;yes
1/5/2022;4107.142857;4110;4115.714286;50.89672082;42.17529778;49.2207307;52.19365141;36.18499513;49.59270675;37.90509259;2;1;1;2022;5;5;1;4090.0525;4050;40.0525;yes
1/6/2022;4098.571429;4107.857143;4110;55.20524475;52.22412331;53.91041035;55.17630166;39.41276172;43.63217146;37.90509259;3;1;1;2022;6;6;1;4151.117;4120;31.117;yes
1/7/2022;4104.285714;4109.285714;4108.571429;55.03245796;58.26768709;56.96751171;57.17996626;54.75272308;57.44835822;44.0272012;4;1;1;2022;7;7;1;4188.2197;4170;18.2197;yes
1/10/2022;4115.714286;4114.285714;4112.380952;59.68169537;48.29025522;51.78843328;53.65431518;45.53394264;49.60854947;38.96038799;0;1;1;2022;10;10;2;4147.5483;4100;47.5483;yes
1/11/2022;4118.571429;4115.714286;4110;58.14595756;46.95033652;51.07408099;53.16262323;44.20139028;37.85097585;39.81350835;1;1;1;2022;11;11;2;4134.7397;4090;44.7397;yes
1/12/2022;4125.714286;4110.714286;4107.142857;49.28053803;50.17610651;52.48570374;54.04696859;29.36335945;38.16967052;40.43250689;2;1;1;2022;12;12;2;4155.7446;4110;45.7446;yes
1/13/2022;4115.714286;4110.714286;4108.571429;43.14979446;60.08639968;57.14609895;57.02867852;36.24774238;40.7991081;46.59811773;3;1;1;2022;13;13;2;4199.7046;4180;19.7046;yes
1/14/2022;4117.142857;4112.142857;4112.380952;45.35573676;61.36712107;57.7831452;57.44288289;54.56959978;44.86462467;50.91392235;4;1;1;2022;14;14;2;4203.498;4190;13.498;yes
1/17/2022;4137.142857;4117.857143;4117.619048;41.51878519;59.15272499;56.87266839;56.86732624;59.46242298;49.87708697;48.56703563;0;1;1;2022;17;17;3;4198.316;4180;18.316;yes
1/18/2022;4145.714286;4125;4121.428571;43.53433237;68.45013344;61.4515306;59.82591871;63.89907176;59.6010027;59.76992593;1;1;1;2022;18;18;3;4239.895;4250;-10.105;yes
1/19/2022;4157.142857;4136.428571;4128.571429;58.79747322;68.45013344;61.4515306;59.82591871;77.13160136;62.70351897;60.42740623;2;1;1;2022;19;19;3;4249.1934;4250;-0.8066;yes
1/20/2022;4178.571429;4148.571429;4136.666667;61.75990377;60.42695705;58.37120768;57.94782306;70.89751279;59.06811991;51.93471644;3;1;1;2022;20;20;3;4245.602;4220;25.602;yes
1/21/2022;4197.142857;4161.428571;4139.52381;48.89249626;73.64269186;65.24950113;62.482282;81.00769481;59.61379398;57.18778322;4;1;1;2022;21;21;3;4301.261;4330;-28.739;yes
1/24/2022;4228.571429;4172.142857;4150;53.98412465;66.56910124;62.22957064;60.61071965;80.59031151;60.87131582;57.82672261;0;1;1;2022;24;24;4;4297.583;4300;-2.417;yes
1/25/2022;4245.714286;4181.428571;4156.666667;55.03245796;64.1720266;61.21256409;59.98188628;79.48554589;69.52045898;59.21953002;1;1;1;2022;25;25;4;4293.41;4290;3.41;yes
1/26/2022;4260;4198.571429;4165.238095;50.99019514;74.77086058;67.01747467;63.91308662;82.74325264;73.75959957;64.7896653;2;1;1;2022;26;26;4;4363.1074;4390;-26.8926;yes
1/27/2022;4290;4217.857143;4180;57.44562647;52.87313733;56.15646597;56.87347251;64.73699451;64.38629465;61.779208;3;1;1;2022;27;27;4;4257.1123;4270;-12.8877;yes
1/28/2022;4292.857143;4225;4188.571429;55.5920515;51.40936227;55.35143165;56.33058311;51.51945097;63.20348293;58.30694829;4;1;1;2022;28;28;4;4246.44;4260;-13.56;yes
1/31/2022;4294.285714;4236.428571;4197.142857;54.42338433;41.92946887;49.95309736;52.63753872;52.67133096;61.46879329;56.67721974;0;1;1;2022;31;31;5;4202.3174;4190;12.3174;yes
2/2/2022;4290;4243.571429;4204.285714;61.91391874;39.50144493;48.49774192;51.62222958;34.03694845;56.09180286;49.42864112;2;1;2;2022;33;2;5;4195.037;4170;25.037;yes
2/3/2022;4267.142857;4247.857143;4203.809524;73.19250547;45.06812283;50.81266155;53.04859841;32.48628067;55.091207;49.93895364;3;1;2;2022;34;3;5;4201.714;4200;1.714;yes
2/4/2022;4252.857143;4249.285714;4205.238095;75.43524502;50.39334601;53.08366806;54.45848054;42.26240925;57.81021544;57.10449703;4;1;2;2022;35;4;5;4232.8213;4230;2.8213;yes
2/7/2022;4244.285714;4252.142857;4213.809524;73.90470054;59.54436027;57.32723023;57.15997017;38.61332063;59.59748015;59.56641017;0;1;2;2022;38;7;6;4281.792;4290;-8.208;yes
2/8/2022;4230;4260;4221.904762;45.09249753;48.99896239;52.23879392;53.80849554;40.44440374;52.15564045;55.18089806;1;1;2;2022;39;8;6;4218.844;4230;-11.156;yes
2/9/2022;4224.285714;4258.571429;4224.761905;41.57609203;56.49051484;55.76263317;56.06266078;53.20298116;52.43422466;59.27456328;2;1;2;2022;40;9;6;4258.129;4280;-21.871;yes
2/10/2022;4227.142857;4260.714286;4233.333333;44.98677054;73.09144637;65.60189479;62.90534871;73.35250165;65.11765009;66.68331882;3;1;2;2022;41;10;6;4340.4487;4460;-119.5513;no
2/11/2022;4265.714286;4277.857143;4250.952381;95.36895771;71.3275221;64.74038407;62.33901849;91.02820058;66.64487401;70.5901533;4;1;2;2022;42;11;6;4354.2173;4450;-95.7827;no
2/14/2022;4305.714286;4286.428571;4267.142857;106.5922359;62.52541309;60.46474331;59.52553252;78.7781659;59.92855231;65.40871263;0;1;2;2022;45;14;7;4343.752;4400;-56.248;yes
2/15/2022;4334.285714;4293.571429;4277.619048;100.1427552;63.57426627;61.01922988;59.90553681;78.2605207;62.0114609;66.28541719;1;1;2;2022;46;15;7;4407.592;4410;-2.408;yes
2/16/2022;4360;4302.142857;4288.095238;91.6515139;61.5640095;60.11131038;59.32074238;78.33984148;61.04445576;67.18523899;2;1;2;2022;47;16;7;4387.1064;4400;-12.8936;yes
2/17/2022;4375.714286;4302.857143;4298.571429;86.95921321;62.9314929;60.74039808;59.73347586;77.92046384;62.07942031;62.82982375;3;1;2;2022;48;17;7;4394.063;4410;-15.937;yes
2/18/2022;4401.428571;4312.857143;4306.190476;58.71642911;60.42344262;59.72599742;59.10382247;75.05252261;64.86820798;61.11107379;4;1;2;2022;49;18;7;4421.2344;4400;21.2344;yes
2/21/2022;4418.571429;4322.857143;4313.333333;25.44836041;53.02684436;56.66841018;57.20439076;55.82019296;66.17799251;62.3822071;0;1;2;2022;52;21;8;4357.669;4370;-12.331;yes
2/22/2022;4405.714286;4335.714286;4320.47619;23.70453041;39.77307727;50.20945301;53.02908458;32.7468764;67.84005628;57.3452617;1;1;2;2022;53;22;8;4325.422;4300;25.422;yes
2/23/2022;4384.285714;4345;4319.047619;39.5209408;50.15512095;54.22297451;55.46691243;53.75192839;69.13483239;58.25507414;2;1;2;2022;54;23;8;4357.9146;4350;7.9146;yes
2/24/2022;4377.142857;4355.714286;4321.428571;40.70801957;34.77084912;45.52806187;49.52885642;35.73806107;60.7402164;54.71567196;3;1;2;2022;55;24;8;4287.683;4240;47.683;yes
2/25/2022;4352.857143;4356.428571;4319.047619;62.64031868;50.78247789;52.91929411;54.20829475;46.65702776;63.86555784;56.41171953;4;1;2;2022;56;25;8;4345.9917;4340;5.9917;yes
3/1/2022;4344.285714;4360;4316.666667;59.12053869;52.1527216;53.59735923;54.64978311;64.67355844;71.27810058;63.0323307;1;1;3;2022;60;1;9;4342.023;4350;-7.977;yes
3/2/2022;4335.714286;4368.571429;4320.47619;51.91568256;43.64668289;49.03422076;51.52044432;54.57317022;63.30012012;60.56221917;2;1;3;2022;61;2;9;4284.3086;4290;-5.6914;yes
3/4/2022;4320;4369.285714;4321.904762;45.46060566;58.22120969;56.36834207;56.33372333;64.28363325;61.43637441;65.33187711;4;1;3;2022;63;4;9;4357.7466;4400;-42.2534;yes
3/7/2022;4324.285714;4365;4331.904762;51.91568256;67.9052359;62.22276708;60.45613037;75.94930157;62.56963773;71.65148179;0;1;3;2022;66;7;10;4393.165;4510;-116.835;no
3/8/2022;4354.285714;4369.285714;4348.095238;85.41216597;74.73698693;66.9923636;64.02248981;78.5532644;71.42031165;73.73432841;1;1;3;2022;67;8;10;4481.467;4620;-138.533;no
3/9/2022;4392.857143;4385;4368.095238;131.6199435;53.14166756;54.79980126;55.43272463;76.95535942;64.5296355;68.65989621;2;1;3;2022;68;9;10;4370.7856;4440;-69.2144;no
3/10/2022;4421.428571;4387.142857;4378.095238;113.3473381;50.31473915;53.06630865;54.16105616;64.77141737;58.336521;64.27619386;3;1;3;2022;69;10;10;4361.383;4410;-48.617;yes
3/11/2022;4431.428571;4387.857143;4383.809524;107.9241356;63.79608407;61.0314455;59.94943417;62.90928432;63.6341245;67.77754654;4;1;3;2022;70;11;10;4528.3784;4590;-61.6216;no
3/14/2022;4465.714286;4400.714286;4400.952381;115.5937055;62.69352312;60.41798453;59.51106821;76.31930774;66.59295823;68.70210154;0;1;3;2022;73;14;11;4507.457;4580;-72.543;no
3/15/2022;4507.142857;4413.571429;4415.238095;91.59954252;65.47780836;62.06071786;60.71749292;77.94724765;71.75309955;68.77559351;1;1;3;2022;74;15;11;4544.8535;4620;-75.1465;no
3/16/2022;4538.571429;4431.428571;4422.857143;86.29958892;66.21327401;62.47995257;61.02235876;76.7592805;76.36753832;68.59018172;2;1;3;2022;75;16;11;4585.715;4630;-44.285;yes
3/17/2022;4555.714286;4455;4431.428571;91.44345117;48.23149039;53.01639808;54.3758145;56.06126589;67.55427521;65.1939087;3;1;3;2022;76;17;11;4529.5127;4480;49.5127;yes
3/18/2022;4535.714286;4464.285714;4435.238095;90.34326074;54.05438054;55.89415693;56.37165108;69.97906789;73.48491283;66.7573698;4;1;3;2022;77;18;11;4578.9478;4540;38.9478;yes
3/21/2022;4550;4485.714286;4441.428571;80;55.03774954;56.37376804;56.70310613;79.49014962;72.16189754;66.67161999;0;1;3;2022;80;21;12;4580.0854;4550;30.0854;yes
3/22/2022;4570;4500.714286;4448.571429;51.63977795;55.03774954;56.37376804;56.70310613;78.70419646;70.89502968;69.29996952;1;1;3;2022;81;22;12;4595.189;4550;45.189;yes
3/23/2022;4564.285714;4515;4455.238095;51.26959556;55.03774954;56.37376804;56.70310613;69.47504331;73.03521259;67.56621381;2;1;3;2022;82;23;12;4594.8345;4550;44.8345;yes
3/24/2022;4560;4533.571429;4462.380952;50.99019514;56.51565188;56.95833758;57.080572;64.62790237;72.27688073;69.69828565;3;1;3;2022;83;24;12;4604.2236;4560;44.2236;yes
3/25/2022;4551.428571;4545;4471.428571;43.75255095;48.99949133;53.85006303;55.06433923;53.68408359;66.77839843;69.96117654;4;1;3;2022;84;25;12;4583.9116;4520;63.9116;no
3/28/2022;4535.714286;4545.714286;4481.904762;27.60262237;61.07770126;58.703906;58.16737489;79.79815507;65.89992026;70.70287179;0;1;3;2022;87;28;13;4647.842;4600;47.842;yes
3/29/2022;4552.857143;4544.285714;4493.809524;24.29971585;53.6641077;55.55751899;56.13235707;76.03055625;72.16398879;74.04349004;1;1;3;2022;88;29;13;4593.666;4560;33.666;yes
3/30/2022;4555.714286;4552.857143;4509.047619;23.70453041;56.727976;56.80416096;56.92355995;77.33085738;78.66252443;73.39128631;2;1;3;2022;89;30;13;4599.756;4580;19.756;yes
3/31/2022;4560;4565;4520.47619;25.16611478;56.727976;56.80416096;56.92355995;77.64244358;78.28425557;72.57228777;3;1;3;2022;90;31;13;4600.1753;4580;20.1753;yes
4/1/2022;4564.285714;4564.285714;4531.428571;25.72750983;56.727976;56.80416096;56.92355995;76.74924515;72.51638474;73.98739523;4;2;4;2022;91;1;13;4601.9004;4580;21.9004;yes
4/4/2022;4568.571429;4564.285714;4545.238095;25.44836041;46.88255675;53.08456508;54.64181766;63.79462748;64.24563023;70.02770167;0;2;4;2022;94;4;14;4579.3184;4540;39.3184;yes
4/5/2022;4565.714286;4558.571429;4551.904762;27.60262237;42.57250104;51.27660209;53.51562055;67.05099644;59.73296404;66.85019102;1;2;4;2022;95;5;14;4567.0283;4520;47.0283;yes
4/6/2022;4565.714286;4550.714286;4552.380952;27.60262237;28.71382056;44.01231957;48.76650522;46.9073218;65.27913243;61.21366482;2;2;4;2022;96;6;14;4561.12;4430;131.12;no
4/7/2022;4541.428571;4547.142857;4543.333333;54.29197959;51.31335636;52.81153921;54.00473723;51.64055509;63.6585843;66.60272245;3;2;4;2022;97;7;14;4594.0283;4540;54.0283;yes
4/8/2022;4538.571429;4547.142857;4548.095238;53.67450401;57.08520949;55.54744063;55.73283789;54.39602878;65.68045486;71.782441;4;2;4;2022;98;8;14;4612.278;4580;32.278;yes
4/11/2022;4538.571429;4549.285714;4556.190476;53.67450401;58.5194971;56.23065868;56.16515725;46.77995926;63.26170193;70.20151531;0;2;4;2022;101;11;15;4625.0435;4590;35.0435;yes
4/12/2022;4540;4552.142857;4556.190476;55.07570547;64.11622459;58.94857145;57.89232135;65.53828711;71.14551768;70.45993213;1;2;4;2022;102;12;15;4668.544;4630;38.544;yes
4/13/2022;4547.142857;4557.857143;4558.571429;63.69570517;70.97057918;62.69101203;60.35273399;81.57868465;73.15384059;70.09708822;2;2;4;2022;103;13;15;4655.546;4690;-34.454;yes
4/14/2022;4568.571429;4567.142857;4561.904762;83.15218406;68.42899703;61.68172068;59.74184356;88.49523232;78.98676387;70.15248949;3;2;4;2022;104;14;15;4645.0312;4680;-34.9688;yes
4/18/2022;4591.428571;4578.571429;4564.285714;89.33617622;71.94539489;63.57625222;60.98578462;100;78.19937264;78.74603092;0;2;4;2022;108;18;16;4635.1787;4710;-74.8213;no
4/19/2022;4631.428571;4586.428571;4575.238095;64.14269806;63.67164332;60.3622516;59.06933546;89.32071652;72.51285573;73.57629861;1;2;4;2022;109;19;16;4660.495;4680;-19.505;yes
4/20/2022;4651.428571;4595;4581.904762;51.45501965;52.03581345;55.34079346;55.99026747;77.36906947;66.30008469;69.80999212;2;2;4;2022;110;20;16;4624.0713;4630;-5.9287;yes
4/21/2022;4658.571429;4598.571429;4585.714286;42.5944329;49.90769592;54.36667479;55.38400478;69.01423768;59.77682624;65.53964444;3;2;4;2022;111;21;16;4657.5303;4620;37.5303;yes
4/22/2022;4662.857143;4601.428571;4589.047619;35.45621042;49.90769592;54.36667479;55.38400478;53.37132183;59.16888614;64.8448715;4;2;4;2022;112;22;16;4657.4277;4620;37.4277;yes
4/25/2022;4661.428571;4604.285714;4592.380952;37.16116765;66.6271642;61.44952551;59.71252507;46.39236194;65.46922298;64.9199973;0;2;4;2022;115;25;17;4747.9087;4710;37.9087;yes
4/26/2022;4664.285714;4616.428571;4599.52381;40.35556255;72.56278069;64.72521361;61.87040774;44.32593223;69.47468275;68.71838485;1;2;4;2022;116;26;17;4754.027;4760;-5.973;yes
4/27/2022;4675.714286;4633.571429;4610.952381;54.42338433;73.65605784;65.35919351;62.2945207;45.70973197;76.5583015;68.14932029;2;2;4;2022;117;27;17;4745.222;4770;-24.778;yes
4/28/2022;4684.285714;4657.857143;4619.047619;64.51282634;43.39566456;50.65321166;53.00821244;39.63532028;65.47754346;61.39291237;3;2;4;2022;118;28;17;4634.1353;4620;14.1353;yes
5/9/2022;4675.714286;4663.571429;4621.904762;69.00655593;21.80066842;33.75137424;40.05201965;30.65607445;50.97535797;51.96046435;0;2;5;2022;129;9;19;4592.9795;4310;282.9795;no
5/10/2022;4630;4644.285714;4609.047619;155.7776193;25.96050786;35.97776806;41.50481102;26.53637888;44.70047745;45.18516983;1;2;5;2022;130;10;19;4557.0947;4340;217.0947;no
5/11/2022;4590;4626.428571;4597.619048;190.7878403;25.43434568;35.54890877;41.15572935;37.23498978;43.6020392;49.39865008;2;2;5;2022;131;11;19;4548.344;4330;218.344;no
5/12/2022;4548.571429;4605;4585.714286;213.3407737;23.74961289;34.23064704;40.09351232;27.13605709;33.68723394;47.44065436;3;2;5;2022;132;12;19;4533.234;4300;233.234;no
5/13/2022;4490;4577.142857;4574.285714;217.8684618;21.53109886;32.5000997;38.69531217;19.51493572;27.40747162;45.49374781;4;2;5;2022;133;13;19;4389.1245;4260;129.1245;no
5/17/2022;4418.571429;4547.142857;4561.904762;195.3994687;17.67796061;29.30871053;36.05485974;9.852215199;21.37409678;44.74066018;1;2;5;2022;137;17;20;4245.9976;4180;65.9976;no
5/18/2022;4334.285714;4509.285714;4550;137.095726;30.39395177;35.29585721;39.82725482;21.76860112;28.16650996;45.26510118;2;2;5;2022;138;18;20;4224.5493;4250;-25.4507;yes
5/19/2022;4281.428571;4478.571429;4536.190476;55.80578567;27.5562725;33.54738283;38.46570187;25.73510044;27.99992161;40.91587262;3;2;5;2022;139;19;20;4166.934;4210;-43.066;yes
5/20/2022;4267.142857;4448.571429;4518.571429;59.92058236;24.84956279;31.84832998;37.13279115;28.83176943;27.62756529;39.28087471;4;2;5;2022;140;20;20;4159.9556;4170;-10.0444;yes
5/23/2022;4242.857143;4416.428571;4498.571429;59.92058236;21.20462691;29.4397642;35.21108339;15.10311516;26.77185211;33.57448457;0;2;5;2022;143;23;21;4144.895;4110;34.895;yes
5/24/2022;4211.428571;4380;4473.809524;64.14269806;29.27343253;33.07357966;37.47611237;29.33243074;28.0820777;32.23718328;1;2;5;2022;144;24;21;4168.1875;4150;18.1875;yes
5/25/2022;4190;4340;4448.095238;53.85164807;38.4631213;37.41253242;40.21916617;44.8800533;29.90047759;33.01626704;2;2;5;2022;145;25;21;4163.253;4200;-36.747;yes
5/27/2022;4181.428571;4300;4425.238095;44.88079449;52.77930803;45.0812485;45.26223299;60.80427241;30.78312912;34.03886604;4;2;5;2022;147;27;21;4222.2017;4300;-77.7983;no
5/30/2022;4198.571429;4266.428571;4405.714286;63.35839103;46.47256255;42.2910299;43.34264735;47.63618145;32.08657854;33.98226466;0;2;5;2022;150;30;22;4196.9424;4250;-53.0576;yes
5/31/2022;4198.571429;4240;4385.238095;63.35839103;54.14383459;46.56502331;46.21666726;68.96785194;47.93677563;42.87038697;1;2;5;2022;151;31;22;4247.7427;4310;-62.2573;no
6/2/2022;4212.857143;4240;4370;76.31388815;51.28551249;45.35910354;45.41044042;79.26268076;56.39775391;46.43931424;3;2;6;2022;153;2;22;4233.02;4290;-56.98;yes
6/3/2022;4230;4236.428571;4354.285714;78.5281266;54.11176095;46.84167143;46.3923571;92.06182966;55.5849536;49.2394664;4;2;6;2022;154;3;22;4254.248;4310;-55.752;yes
6/6/2022;4258.571429;4235;4339.52381;62.29729032;58.34132583;49.07377431;47.86921884;85.41024876;59.16502426;46.92445048;0;2;6;2022;157;6;23;4279.282;4340;-60.718;no
6/7/2022;4285.714286;4237.857143;4321.904762;46.49628761;44.11113865;43.21171353;44.04680186;73.88722589;60.3762771;43.95621639;1;2;6;2022;158;7;23;4205.238;4250;-44.762;yes
6/8/2022;4292.857143;4237.142857;4297.619048;33.02235895;29.92057174;35.58263053;38.64637015;58.74246387;59.70746624;39.68237067;2;2;6;2022;159;8;23;4114.3228;4100;14.3228;yes
6/9/2022;4264.285714;4231.428571;4265.714286;79.55231881;26.59356574;33.4619028;37.05620201;57.19810439;52.95412456;40.45502035;3;2;6;2022;160;9;23;4074.8066;4050;24.8066;yes
6/10/2022;4235.714286;4217.142857;4238.571429;113.9966583;24.67310455;32.22104389;36.1198885;27.24934619;51.46778364;42.33777506;4;2;6;2022;161;10;23;4060.4092;4020;40.4092;yes
6/13/2022;4194.285714;4203.571429;4224.761905;133.5236737;35.53551621;37.23418171;39.33867078;25.8808655;57.36024748;47.98951457;0;2;6;2022;164;13;24;4106.2007;4080;26.2007;yes
6/14/2022;4164.285714;4197.142857;4212.380952;132.0173149;40.53743485;39.63816737;40.90202657;26.00922069;64.01944784;47.31621797;1;2;6;2022;165;14;24;4102.038;4110;-7.962;yes
6/15/2022;4135.714286;4197.142857;4201.904762;115.8817131;35.22320299;37.08851179;39.1369213;25.75328824;59.18979168;49.32956686;2;2;6;2022;166;15;24;4034.8623;4060;-25.1377;yes
6/16/2022;4095.714286;4190.714286;4190.47619;74.57817886;33.19256798;36.08855302;38.44019743;36.68696776;57.86868555;53.5596854;3;2;6;2022;167;16;24;4006.3164;4040;-33.6836;yes
6/17/2022;4065.714286;4179.285714;4180;32.58688021;47.35574771;42.73893764;42.72277544;55.52487225;57.39058784;58.54380529;4;2;6;2022;168;17;24;4086.6301;4120;-33.3699;yes
6/20/2022;4068.571429;4166.428571;4177.142857;36.70993119;37.96558923;38.43220333;39.81448069;59.68103875;58.18204916;54.75313222;0;2;6;2022;171;20;25;4031.7334;4040;-8.2666;yes
6/21/2022;4067.142857;4151.428571;4167.142857;37.73340064;48.40873307;43.77138255;43.35707933;77.77900741;48.78764233;57.71922208;1;2;6;2022;172;21;25;4113.7534;4110;3.7534;yes
6/22/2022;4080;4137.142857;4162.380952;34.15650255;41.43361691;40.52719933;41.17578469;66.07414271;41.96297129;59.23256634;2;2;6;2022;173;22;25;4049.5425;4050;-0.4575;yes
6/23/2022;4075.714286;4120;4156.666667;35.98941643;55.23091799;48.11907272;46.36970447;65.30390882;41.50426028;64.29759795;3;2;6;2022;174;23;25;4147.8477;4160;-12.1523;yes
6/24/2022;4082.857143;4109.285714;4159.047619;47.15728495;53.88454902;47.52512822;45.98215687;78.80052725;46.32796578;63.46143733;4;2;6;2022;175;24;25;4143.9697;4150;-6.0303;yes
6/27/2022;4095.714286;4095.714286;4159.047619;51.91568256;43.89710255;42.95701008;42.9657339;66.91249146;48.52226478;59.83108915;0;2;6;2022;178;27;26;4055.5815;4070;-14.4185;yes
6/28/2022;4100;4082.857143;4152.857143;47.60952286;39.61402464;40.8430958;41.53526254;43.52685038;50.91739489;54.51294938;1;2;6;2022;179;28;26;4036.907;4030;6.907;yes
6/29/2022;4087.142857;4077.857143;4140;53.13952883;41.28494739;41.61660831;42.04178793;56.34747811;58.3555311;57.80165781;2;2;6;2022;180;29;26;4037.1353;4040;-2.8647;yes
6/30/2022;4087.142857;4077.142857;4130;53.13952883;36.56350314;39.39751577;40.56568934;40.67406119;61.2936161;46.72541167;3;2;6;2022;181;30;26;4000.9397;4000;0.9397;yes
7/1/2022;4071.428571;4075.714286;4115.238095;60.94494002;40.53077707;41.08896918;41.64140702;42.11625373;54.88567646;42.00276005;4;3;7;2022;182;1;26;4018.916;4020;-1.084;yes
7/4/2022;4067.142857;4071.428571;4102.380952;63.69570517;36.53252032;39.31633709;40.48726288;24.96513021;46.06964133;37.13176262;0;3;7;2022;185;4;27;4001.11;3990;11.11;yes
7/5/2022;4042.857143;4062.857143;4087.142857;54.07226206;36.53252032;39.31633709;40.48726288;23.52603444;52.46811547;40.38035657;1;3;7;2022;186;5;27;3957.0413;3990;-32.9587;yes
7/6/2022;4020;4057.857143;4070.47619;29.43920289;44.04553253;42.20789085;42.25188242;34.21363719;51.16837013;44.70685306;2;3;7;2022;187;6;27;4000.3098;4020;-19.6902;yes
7/7/2022;4012.857143;4056.428571;4059.52381;19.7604704;48.76293188;44.11955997;43.42611785;48.03876612;45.60311354;50.20745957;3;3;7;2022;188;7;27;4009.291;4040;-30.709;yes
7/8/2022;4014.285714;4050.714286;4056.666667;21.49196971;42.49349698;41.88164367;42.07852585;34.59235739;46.35081046;52.35193386;4;3;7;2022;189;8;27;3960.6755;4010;-49.3245;yes
7/11/2022;4010;4048.571429;4054.761905;18.25741858;49.99425686;44.89196119;43.90625221;50.2221501;44.54772737;58.71711857;0;3;7;2022;192;11;28;4014.5054;4040;-25.4946;yes
7/12/2022;4015.714286;4043.571429;4055.714286;20.70196678;43.3913093;42.52015858;42.49816032;49.77840422;45.30587972;53.60967342;1;3;7;2022;193;12;28;3989.4922;4010;-20.5078;yes
7/13/2022;4014.285714;4040.714286;4052.380952;20.70196678;31.91628447;37.53673375;39.40222777;52.03247699;35.83238184;47.51468581;2;3;7;2022;194;13;28;3852.2732;3940;-87.7268;no
7/14/2022;4007.142857;4025;4044.285714;34.50327797;49.66478124;45.41107463;44.27372665;51.57310296;34.85049144;52.24980421;3;3;7;2022;195;14;28;4013.644;4020;-6.356;yes
7/15/2022;4011.428571;4015.714286;4042.380952;33.8765265;66.31333468;55.27738476;50.99550967;59.93458202;45.89481035;53.67569011;4;3;7;2022;196;15;28;4061.917;4150;-88.083;no
7/18/2022;4030;4021.428571;4047.619048;62.71629241;69.88853115;57.80445954;52.83358495;63.15580775;55.79794737;51.33798103;0;3;7;2022;199;18;29;4150.9697;4190;-39.0303;yes
7/19/2022;4051.428571;4032.857143;4050.952381;87.45066636;63.94985668;55.28146454;51.31777146;76.13979645;56.65995508;56.5488828;1;3;7;2022;200;19;29;4130.4014;4160;-29.5986;yes
7/20/2022;4072.857143;4041.428571;4056.666667;93.75753938;69.06168039;58.5302421;53.64515965;77.79663816;66.42655204;56.72896761;2;3;7;2022;201;20;29;4209.4956;4210;-0.5044;yes
7/21/2022;4097.142857;4056.428571;4061.428571;105.1529498;73.45331291;61.53932396;55.86086251;86.29680118;72.08712122;61.50716647;3;3;7;2022;202;21;29;4223.213;4260;-36.787;yes
7/22/2022;4132.857143;4073.571429;4071.428571;112.7998649;66.81439427;58.78324296;54.22788704;90.49946527;75.50170745;56.92575059;4;3;7;2022;203;22;29;4215.1274;4230;-14.8726;yes
7/25/2022;4174.285714;4090.714286;4074.761905;78.07200584;67.94122433;59.43539659;54.69146216;90.06691059;74.73707572;55.77326143;0;3;7;2022;206;25;30;4229.3735;4240;-10.6265;yes
7/26/2022;4205.714286;4108.571429;4079.047619;41.17326918;69.16282714;60.11502282;55.1682163;78.45307629;69.45182075;56.45697818;1;3;7;2022;207;26;30;4273.9023;4250;23.9023;yes
7/27/2022;4220;4125;4087.619048;35.59026084;74.77077316;63.41548589;57.51518582;77.51570664;70.08219931;62.82425392;2;3;7;2022;208;27;30;4324.727;4300;24.727;yes
7/28/2022;4235.714286;4143.571429;4100.47619;43.53433237;59.59733094;57.28911135;53.95614561;56.56357123;66.750214;56.6282765;3;3;7;2022;209;28;30;4251.2603;4240;11.2603;yes
7/29/2022;4247.142857;4160;4110;28.11540842;57.33494254;56.31266644;53.37811393;38.41937338;59.09547587;56.7064656;4;3;7;2022;210;29;30;4258.3057;4230;28.3057;yes
8/1/2022;4250;4173.571429;4120.952381;24.49489743;67.43167072;61.28680012;56.78118426;38.25350467;64.7729283;60.87236314;0;3;8;2022;213;1;31;4303.3066;4300;3.3066;yes
8/2/2022;4255.714286;4194.285714;4134.285714;31.0145895;79.53771867;69.34210744;62.87790234;54.26339486;72.92857654;67.75365564;1;3;8;2022;214;2;31;4378.9556;4450;-71.0444;no
8/3/2022;4287.142857;4230.714286;4156.190476;77.39816658;82.12206024;71.47291336;64.62450386;67.09916956;76.79749727;71.28814333;2;3;8;2022;215;3;31;4465.5454;4500;-34.4546;yes
8/4/2022;4324.285714;4265;4180.47619;107.526298;84.41802471;73.45944838;66.28987483;77.29660269;77.69366346;73.34046241;3;3;8;2022;216;4;31;4480.287;4550;-69.713;no
8/5/2022;4367.142857;4293.571429;4205.714286;130.3475208;88.01070216;76.92099762;69.32268413;81.67171206;80.47477536;76.38560646;4;3;8;2022;217;5;31;4529.1406;4650;-120.8594;no
8/8/2022;4417.142857;4326.428571;4234.761905;163.270153;89.43205833;78.43545012;70.70630832;91.61853523;81.78574832;80.46849514;0;3;8;2022;220;8;32;4602.499;4700;-97.501;no
8/9/2022;4482.857143;4365;4267.619048;172.405944;76.70166062;72.30395215;66.90419809;86.83608994;73.26084689;74.33418447;1;3;8;2022;221;9;32;4638.4297;4640;-1.5703;yes
8/10/2022;4541.428571;4395.714286;4296.190476;138.4953154;62.79666513;65.00705677;62.22010701;75.39244302;65.35838545;70.58767594;2;3;8;2022;222;10;32;4614.5234;4560;54.5234;yes
8/11/2022;4578.571429;4417.142857;4322.380952;88.9622713;63.75490047;65.4760763;62.56410782;75.68170936;69.51186953;74.42937982;3;3;8;2022;223;11;32;4610.2363;4570;40.2363;yes
8/12/2022;4595.714286;4441.428571;4352.380952;69.4879229;60.14051678;63.63891249;61.39024486;63.11595788;64.63904872;70.1931881;4;3;8;2022;224;12;32;4609.876;4550;59.876;no
8/15/2022;4602.857143;4463.571429;4377.619048;59.92058236;45.19456215;55.2860474;55.88534548;50.13359199;61.89122152;64.94773596;0;3;8;2022;227;15;33;4569.0293;4450;119.0293;no
8/16/2022;4588.571429;4477.857143;4391.904762;82.34653837;40.49783732;52.32744296;53.85700207;30.95199986;57.28323871;60.79460096;1;3;8;2022;228;16;33;4548.91;4410;138.91;no
8/18/2022;4554.285714;4485.714286;4402.380952;100.4750621;58.22502853;60.32934855;59.28737873;29.7833879;63.37508686;62.1846411;3;3;8;2022;230;18;33;4631.327;4550;81.327;no
8/19/2022;4532.857143;4507.857143;4420.952381;77.61320457;62.83813462;62.73510433;61.00817318;46.80225312;68.98920307;63.5603958;4;3;8;2022;231;19;33;4661.8066;4600;61.8066;no
8/22/2022;4527.142857;4534.285714;4439.52381;69.45365018;67.07936854;65.01960652;62.66510327;64.05788564;70.36009276;64.87954696;0;3;8;2022;234;22;34;4673.9644;4650;23.9644;yes
8/23/2022;4540;4559.285714;4458.095238;83.46656017;67.93330529;65.4754693;62.99532563;67.42843314;71.84011317;68.71455358;1;3;8;2022;235;23;34;4674.213;4660;14.213;yes
8/24/2022;4552.857143;4574.285714;4478.571429;94.99373413;74.79751087;69.34721302;65.84974203;79.22592208;71.23387981;70.26234932;2;3;8;2022;236;24;34;4714.028;4750;-35.972;yes
8/25/2022;4581.428571;4592.142857;4502.857143;120.613511;49.88249999;55.85569151;56.6699496;76.36887346;63.86846771;67.44941496;3;3;8;2022;237;25;34;4583.5044;4570;13.5044;yes
8/26/2022;4598.571429;4593.571429;4518.095238;106.5252038;42.53579269;51.097582;53.20843588;73.15838208;54.8860763;63.41808216;4;3;8;2022;238;26;34;4552.616;4490;62.616;no
8/29/2022;4610;4582.142857;4527.142857;85.04900548;46.01436321;52.72396924;54.3073905;63.67036946;48.63630865;63.48262331;0;3;8;2022;241;29;35;4572.356;4520;52.356;yes
8/30/2022;4605.714286;4569.285714;4540.47619;89.22950612;42.05432326;50.32090444;52.57857348;61.89250788;54.98424985;66.53697116;1;3;8;2022;242;30;35;4554.3945;4480;74.3945;no
8/31/2022;4588.571429;4557.857143;4552.380952;101.2305243;51.74446391;54.7618635;55.55010364;54.17521665;59.25570193;65.57572864;2;3;8;2022;243;31;35;4593.921;4560;33.921;yes
9/1/2022;4575.714286;4557.857143;4564.761905;97.78499252;53.98865961;55.8250366;56.26942022;48.41376393;59.21194979;65.71308817;3;3;9;2022;244;1;35;4594.5723;4580;14.5723;yes
9/2/2022;4564.285714;4558.571429;4570.952381;90.71147352;56.35664231;56.91548511;57.00006522;34.09332909;62.98770392;63.03728815;4;3;9;2022;245;2;35;4604.5522;4600;4.5522;yes
9/5/2022;4542.857143;4562.142857;4575.714286;46.44505202;58.82868072;58.0311674;57.7414188;52.9947534;68.98289602;61.75080307;0;3;9;2022;248;5;36;4642.553;4620;22.553;yes
9/6/2022;4550;4574.285714;4579.047619;54.46711546;43.14687991;50.31403655;52.51293382;66.29575746;71.36507609;56.79248692;1;3;9;2022;249;6;36;4569.5225;4510;59.5225;no
9/7/2022;4552.857143;4581.428571;4572.380952;51.22313465;40.83772804;49.0371802;51.62057836;65.5693194;64.19319546;51.59093379;2;3;9;2022;250;7;36;4567.274;4490;77.274;no
9/8/2022;4548.571429;4577.142857;4562.380952;55.5063274;51.4479708;53.48641589;54.46426231;65.95966685;63.06094885;56.95276578;3;3;9;2022;251;8;36;4604.8896;4560;44.8896;yes
9/9/2022;4560;4574.285714;4558.571429;46.54746681;56.63297218;55.85795891;56.01547659;69.14011328;59.38893395;61.2941555;4;3;9;2022;252;9;36;4618.5654;4600;18.5654;yes
9/12/2022;4565.714286;4570.714286;4560.47619;48.94116974;47.71554748;51.60746253;53.16307874;51.06632065;49.35472909;57.64833598;0;3;9;2022;255;12;37;4596.8;4540;56.8;yes
9/13/2022;4560;4562.142857;4559.047619;49.32882862;44.96230657;50.23523399;52.23216775;43.11907523;38.19189805;58.41106903;1;3;9;2022;256;13;37;4591.257;4520;71.257;no
9/14/2022;4548.571429;4545.714286;4557.619048;47.75931722;39.62707684;47.51409289;50.37960844;28.8664082;40.89353251;59.30527561;2;3;9;2022;257;14;37;4584.8574;4480;104.8574;no
9/15/2022;4528.571429;4539.285714;4559.047619;41.80453382;43.53545998;49.00158277;51.28667908;44.87946977;53.83890367;64.30672331;3;3;9;2022;258;15;37;4573.8525;4500;73.8525;no
9/16/2022;4527.142857;4540;4563.333333;42.70608298;32.49227494;43.0842374;47.2090476;39.03316574;49.31415185;56.56248;4;3;9;2022;259;16;37;4577.1133;4410;167.1133;no
