Date;7 DAYS MA;14 DAYS MA;21 DAYS MA;7 DAYS STD DEV;RSI 7;RSI 14;RSI 21;MFI 7;MFI 14;MFI 21;dayofweek;quarter;month;year;dayofyear;dayofmonth;weekofyear;Predicted Close;Actual Close;Diff;Within RMSE Range;Actual Return;Predicted Return;TP;TN;FP;FN
9/10/2020;2881.43;2927.14;2947.62;47.06;21.76;29.81;34.15;19.24;16.92;26.79;3;3;9;2020;254;10;37;2725.17;2700.00;25.17;yes;down;down;no;yes;no;no
9/11/2020;2852.86;2905.71;2934.29;81.80;42.09;40.96;41.58;25.87;26.00;32.45;4;3;9;2020;255;11;37;2848.32;2810.00;38.32;yes;up;up;yes;no;no;no
9/14/2020;2832.86;2892.14;2926.67;70.41;52.55;47.49;46.21;38.78;32.33;37.74;0;3;9;2020;258;14;38;2874.01;2890.00;-15.99;yes;up;up;yes;no;no;no
9/15/2020;2831.43;2885.71;2924.76;68.90;45.38;43.60;43.50;40.34;25.93;37.85;1;3;9;2020;259;15;38;2834.47;2830.00;4.47;yes;down;down;no;yes;no;no
9/16/2020;2827.14;2872.14;2919.05;67.75;41.02;41.17;41.78;33.56;26.51;32.93;2;3;9;2020;260;16;38;2814.58;2790.00;24.58;yes;down;down;no;yes;no;no
9/17/2020;2811.43;2857.86;2908.57;60.40;45.59;43.70;43.53;42.94;32.91;32.86;3;3;9;2020;261;17;38;2833.35;2820.00;13.35;yes;up;up;yes;no;no;no
9/18/2020;2805.71;2847.86;2898.57;56.82;55.07;49.19;47.42;56.53;43.09;33.24;4;3;9;2020;262;18;38;2865.79;2890.00;-24.21;yes;up;up;yes;no;no;no
9/21/2020;2818.57;2850.00;2890.95;64.92;44.69;43.92;43.80;68.00;42.89;33.37;0;3;9;2020;265;21;39;2829.33;2810.00;19.33;yes;down;down;no;yes;no;no
9/22/2020;2834.29;2843.57;2881.90;39.94;41.29;42.10;42.53;52.79;37.36;33.45;1;3;9;2020;266;22;39;2819.27;2780.00;39.27;yes;down;down;no;yes;no;no
9/23/2020;2830.00;2831.43;2871.43;44.35;44.57;43.77;43.68;49.75;43.29;36.92;2;3;9;2020;267;23;39;2833.49;2800.00;33.49;yes;up;up;yes;no;no;no
9/24/2020;2817.14;2824.29;2862.86;36.38;36.28;39.47;40.68;52.38;45.25;32.70;3;3;9;2020;268;24;39;2790.11;2730.00;60.11;no;down;down;no;yes;no;no
9/25/2020;2802.86;2815.00;2849.05;48.21;32.28;37.22;39.08;45.17;38.71;31.92;4;3;9;2020;269;25;39;2738.75;2690.00;48.75;yes;down;down;no;yes;no;no
9/28/2020;2788.57;2800.00;2834.76;64.66;29.44;35.58;37.90;33.06;38.64;32.96;0;3;9;2020;272;28;40;2707.38;2660.00;47.38;yes;down;down;no;yes;no;no
9/29/2020;2765.71;2785.71;2820.48;78.50;26.70;33.97;36.74;11.50;37.81;33.79;1;3;9;2020;273;29;40;2673.68;2630.00;43.68;yes;down;down;no;yes;no;no
9/30/2020;2728.57;2773.57;2809.52;71.05;21.30;30.50;34.17;9.95;39.14;32.21;2;3;9;2020;274;30;40;2598.23;2560.00;38.23;yes;down;down;no;yes;no;no
10/1/2020;2692.86;2763.57;2793.33;84.80;52.02;46.48;45.11;30.26;39.90;34.78;3;4;10;2020;275;1;40;2744.03;2750.00;-5.97;yes;up;up;yes;no;no;no
10/2/2020;2688.57;2759.29;2783.81;80.30;44.55;42.59;42.38;20.69;32.35;34.69;4;4;10;2020;276;2;40;2691.23;2680.00;11.23;yes;down;down;no;yes;no;no
10/5/2020;2671.43;2744.29;2773.33;63.62;41.56;41.01;41.26;19.83;32.15;35.05;0;4;10;2020;279;5;41;2675.33;2650.00;25.33;yes;down;down;no;yes;no;no
10/6/2020;2660.00;2731.43;2763.33;58.31;41.56;41.01;41.26;20.44;30.87;31.80;1;4;10;2020;280;6;41;2673.75;2650.00;23.75;yes;up;down;no;no;no;yes
10/7/2020;2654.29;2721.43;2751.43;56.82;43.29;41.85;41.83;20.09;25.45;31.55;2;4;10;2020;281;7;41;2682.54;2660.00;22.54;yes;up;up;yes;no;no;no
10/8/2020;2654.29;2710.00;2741.90;56.82;50.15;45.19;44.09;33.79;24.72;36.29;3;4;10;2020;282;8;41;2712.77;2700.00;12.77;yes;up;up;yes;no;no;no
10/9/2020;2664.29;2696.43;2737.14;57.98;54.93;47.62;45.75;48.60;30.47;42.54;4;4;10;2020;283;9;41;2723.25;2730.00;-6.75;yes;up;up;yes;no;no;no
10/12/2020;2688.57;2690.71;2738.57;39.76;54.93;47.62;45.75;39.83;34.60;39.87;0;4;10;2020;286;12;42;2738.83;2730.00;8.83;yes;up;up;yes;no;no;no
10/13/2020;2685.71;2687.14;2734.76;35.05;54.93;47.62;45.75;41.87;29.78;35.30;1;4;10;2020;287;13;42;2730.35;2730.00;0.35;yes;up;down;no;no;no;yes
10/14/2020;2692.86;2682.14;2727.14;38.61;67.93;54.37;50.31;60.12;37.46;41.27;2;4;10;2020;288;14;42;2813.11;2810.00;3.11;yes;up;up;yes;no;no;no
10/15/2020;2715.71;2687.86;2726.19;53.50;60.32;51.68;48.70;76.62;45.40;45.34;3;4;10;2020;289;15;42;2779.05;2780.00;-0.95;yes;down;down;no;yes;no;no
10/16/2020;2734.29;2694.29;2725.71;49.28;53.34;49.07;47.11;74.14;44.31;41.16;4;4;10;2020;290;16;42;2746.96;2750.00;-3.04;yes;down;down;no;yes;no;no
10/19/2020;2747.14;2700.71;2722.38;36.84;45.21;45.75;45.06;54.99;43.50;34.82;0;4;10;2020;293;19;43;2752.77;2710.00;42.77;yes;down;up;no;no;yes;no
10/20/2020;2748.57;2706.43;2713.81;34.85;38.38;42.64;43.09;40.88;44.74;34.07;1;4;10;2020;294;20;43;2717.39;2670.00;47.39;yes;down;down;no;yes;no;no
10/21/2020;2740.00;2714.29;2707.14;45.83;40.98;43.67;43.74;31.12;35.00;33.34;2;4;10;2020;295;21;43;2677.22;2680.00;-2.78;yes;up;down;no;no;no;yes
10/22/2020;2732.86;2709.29;2702.38;51.22;46.27;45.77;45.05;47.99;45.54;36.91;3;4;10;2020;296;22;43;2696.07;2700.00;-3.93;yes;up;up;yes;no;no;no
10/23/2020;2728.57;2710.71;2697.62;52.73;33.87;40.13;41.50;33.27;44.65;35.90;4;4;10;2020;297;23;43;2646.97;2630.00;16.97;yes;down;down;no;yes;no;no
10/26/2020;2702.86;2709.29;2692.86;50.24;39.30;42.32;42.85;22.21;45.77;36.87;0;4;10;2020;300;26;44;2664.39;2650.00;14.39;yes;up;up;yes;no;no;no
10/27/2020;2684.29;2709.29;2690.95;39.94;34.37;39.96;41.34;22.10;44.99;36.24;1;4;10;2020;301;27;44;2632.47;2620.00;12.47;yes;down;down;no;yes;no;no
11/2/2020;2665.71;2706.43;2689.05;34.09;26.58;35.69;38.50;19.09;33.95;33.90;0;4;11;2020;307;2;45;2590.05;2560.00;30.05;yes;down;down;no;yes;no;no
11/3/2020;2644.29;2696.43;2685.71;46.50;32.53;38.07;39.95;18.92;28.27;34.36;1;4;11;2020;308;3;45;2617.20;2580.00;37.20;yes;up;up;yes;no;no;no
11/4/2020;2631.43;2685.71;2686.67;50.47;32.53;38.07;39.95;29.56;30.24;32.75;2;4;11;2020;309;4;45;2617.60;2580.00;37.60;yes;up;up;yes;no;no;no
11/5/2020;2617.14;2675.00;2678.57;48.55;67.03;56.00;51.79;35.17;40.99;41.20;3;4;11;2020;310;5;45;2761.67;2770.00;-8.33;yes;up;up;yes;no;no;no
11/6/2020;2627.14;2677.86;2682.86;70.64;72.26;59.95;54.75;49.36;42.37;46.67;4;4;11;2020;311;6;45;2790.82;2830.00;-39.18;yes;up;up;yes;no;no;no
11/9/2020;2655.71;2679.29;2691.43;104.38;75.96;62.93;57.06;58.79;43.95;51.68;0;4;11;2020;314;9;46;2821.65;2880.00;-58.35;no;up;up;yes;no;no;no
11/10/2020;2688.57;2686.43;2702.38;134.22;71.51;60.98;55.86;68.49;50.05;55.78;1;4;11;2020;315;10;46;2818.73;2860.00;-41.27;yes;down;down;no;yes;no;no
11/11/2020;2722.86;2694.29;2711.90;144.07;83.74;71.48;64.47;90.64;61.20;59.81;2;4;11;2020;316;11;46;2874.26;3080.00;-205.74;no;up;up;yes;no;no;no
11/12/2020;2797.14;2720.71;2730.00;176.51;76.75;67.90;62.15;100.00;66.59;60.57;3;4;11;2020;317;12;46;2942.41;3040.00;-97.59;no;down;up;no;no;yes;no
11/13/2020;2862.86;2747.14;2744.76;167.60;68.42;63.61;59.36;89.65;65.30;57.04;4;4;11;2020;318;13;46;2979.40;2990.00;-10.60;yes;down;up;no;no;yes;no
11/16/2020;2921.43;2769.29;2757.14;115.96;73.74;67.18;62.21;88.87;65.07;60.47;0;4;11;2020;321;16;47;3027.61;3070.00;-42.39;yes;up;up;yes;no;no;no
11/17/2020;2964.29;2795.71;2773.33;105.65;80.81;72.61;66.81;90.72;73.64;63.92;1;4;11;2020;322;17;47;3117.65;3220.00;-102.35;no;up;up;yes;no;no;no
11/18/2020;3020.00;2837.86;2792.86;124.23;74.57;69.32;64.61;89.70;75.55;62.85;2;4;11;2020;323;18;47;3206.08;3180.00;26.08;yes;down;up;no;no;yes;no
11/19/2020;3062.86;2875.71;2811.90;119.54;72.92;68.48;64.05;78.89;74.05;61.82;3;4;11;2020;324;19;47;3172.47;3170.00;2.47;yes;down;down;no;yes;no;no
11/20/2020;3107.14;2915.00;2831.90;84.01;76.01;70.40;65.60;75.42;83.43;66.12;4;4;11;2020;325;20;47;3241.95;3220.00;21.95;yes;up;up;yes;no;no;no
11/23/2020;3127.14;2962.14;2856.19;92.68;81.05;73.84;68.45;77.10;88.78;70.38;0;4;11;2020;328;23;48;3350.73;3320.00;30.73;yes;up;up;yes;no;no;no
11/24/2020;3167.14;3015.00;2887.14;107.97;82.35;74.78;69.25;88.54;89.11;73.73;1;4;11;2020;329;24;48;3359.59;3350.00;9.59;yes;up;up;yes;no;no;no
11/25/2020;3218.57;3070.00;2919.05;94.42;69.41;68.56;65.19;73.30;80.82;68.14;2;4;11;2020;330;25;48;3263.89;3280.00;-16.11;yes;down;down;no;yes;no;no
11/26/2020;3248.57;3106.43;2946.67;69.39;79.57;74.71;70.18;71.09;81.86;72.81;3;4;11;2020;331;26;48;3452.04;3470.00;-17.96;yes;up;up;yes;no;no;no
11/27/2020;3284.29;3152.14;2986.67;106.59;77.98;73.89;69.63;74.06;81.80;75.02;4;4;11;2020;332;27;48;3465.49;3460.00;5.49;yes;down;up;no;no;yes;no
11/30/2020;3324.29;3193.57;3025.24;113.26;50.75;58.10;58.53;58.42;67.38;67.69;0;4;11;2020;335;30;49;3332.42;3230.00;102.42;no;down;down;no;yes;no;no
12/1/2020;3332.86;3220.00;3054.29;101.28;51.61;58.52;58.83;47.17;58.27;68.12;1;4;12;2020;336;1;49;3321.92;3240.00;81.92;no;up;down;no;no;no;yes
12/2/2020;3335.71;3231.43;3086.67;97.78;59.08;62.15;61.46;45.35;58.63;71.19;2;4;12;2020;337;2;49;3410.57;3330.00;80.57;no;up;up;yes;no;no;no
12/3/2020;3337.14;3252.14;3122.38;97.59;55.74;60.26;60.11;42.94;62.80;71.21;3;4;12;2020;338;3;49;3391.60;3300.00;91.60;no;down;down;no;yes;no;no
12/4/2020;3330.00;3274.29;3156.67;98.32;50.20;57.13;57.90;44.87;57.84;67.11;4;4;12;2020;339;4;49;3330.77;3250.00;80.77;no;down;down;no;yes;no;no
12/7/2020;3325.71;3287.14;3179.52;101.47;57.99;60.65;60.35;38.12;53.45;66.91;0;4;12;2020;342;7;50;3420.96;3330.00;90.96;no;up;up;yes;no;no;no
12/8/2020;3305.71;3295.00;3203.33;79.76;54.28;58.70;59.00;35.99;55.05;66.46;1;4;12;2020;343;8;50;3307.06;3300.00;7.06;yes;down;down;no;yes;no;no
12/10/2020;3282.86;3303.57;3223.33;42.31;49.36;56.12;57.20;47.30;54.26;62.32;3;4;12;2020;345;10;50;3232.17;3260.00;-27.83;yes;down;down;no;yes;no;no
12/11/2020;3287.14;3310.00;3242.38;37.29;51.90;57.13;57.87;65.61;53.53;60.05;4;4;12;2020;346;11;50;3264.60;3280.00;-15.40;yes;up;up;yes;no;no;no
12/14/2020;3292.86;3314.29;3251.90;31.47;56.94;59.17;59.22;68.22;53.83;61.08;0;4;12;2020;349;14;51;3321.91;3320.00;1.91;yes;up;up;yes;no;no;no
12/15/2020;3291.43;3314.29;3265.24;29.68;69.19;64.99;63.24;74.44;56.58;66.31;1;4;12;2020;350;15;51;3364.22;3450.00;-85.78;no;up;up;yes;no;no;no
12/16/2020;3312.86;3321.43;3287.14;67.26;78.12;70.56;67.39;87.86;66.01;68.19;2;4;12;2020;351;16;51;3515.52;3610.00;-94.48;no;up;up;yes;no;no;no
12/17/2020;3364.29;3345.00;3312.86;124.48;68.05;65.64;64.07;74.72;57.62;61.51;3;4;12;2020;352;17;51;3542.88;3540.00;2.88;yes;down;up;no;no;yes;no
12/18/2020;3394.29;3350.00;3328.10;139.27;63.93;63.60;62.67;66.02;52.56;59.22;4;4;12;2020;353;18;51;3517.21;3510.00;7.21;yes;down;down;no;yes;no;no
12/21/2020;3424.29;3353.57;3343.81;138.19;64.76;64.00;62.96;77.75;66.33;63.29;0;4;12;2020;356;21;52;3590.26;3520.00;70.26;no;up;up;yes;no;no;no
12/22/2020;3461.43;3374.29;3360.48;120.48;45.30;53.75;55.88;65.25;65.37;58.29;1;4;12;2020;357;22;52;3420.05;3360.00;60.05;no;down;down;no;yes;no;no
12/23/2020;3472.86;3382.86;3367.14;102.91;41.65;51.53;54.28;53.83;58.97;53.83;2;4;12;2020;358;23;52;3378.24;3320.00;58.24;no;down;down;no;yes;no;no
12/28/2020;3472.86;3382.14;3367.14;102.91;53.64;56.82;57.77;48.27;59.67;53.60;0;4;12;2020;363;28;53;3445.20;3430.00;15.20;yes;up;up;yes;no;no;no
12/29/2020;3470.00;3391.43;3370.95;103.92;52.49;56.22;57.35;39.10;64.66;57.70;1;4;12;2020;364;29;53;3441.42;3420.00;21.42;yes;down;down;no;yes;no;no
12/30/2020;3442.86;3403.57;3377.62;84.20;41.22;49.97;52.92;41.98;60.12;52.92;2;4;12;2020;365;30;53;3384.56;3310.00;74.56;no;down;down;no;yes;no;no
1/4/2021;3410.00;3402.14;3370.00;84.85;58.31;58.16;58.44;53.81;60.75;52.93;0;1;1;2021;4;4;1;3442.48;3490.00;-47.52;yes;up;up;yes;no;no;no
1/5/2021;3407.14;3415.71;3371.43;81.18;56.19;57.05;57.65;49.85;66.48;61.43;1;1;1;2021;5;5;1;3426.99;3470.00;-43.01;yes;down;down;no;yes;no;no
1/6/2021;3400.00;3430.71;3382.86;71.18;46.37;51.69;53.84;55.23;61.63;62.60;2;1;1;2021;6;6;1;3360.30;3370.00;-9.70;yes;down;down;no;yes;no;no
1/7/2021;3401.43;3437.14;3389.05;70.34;48.47;52.65;54.47;71.85;60.10;62.26;3;1;1;2021;7;7;1;3367.99;3390.00;-22.01;yes;up;up;yes;no;no;no
1/8/2021;3411.43;3442.14;3391.90;61.22;63.50;60.28;59.69;78.18;61.28;65.28;4;1;1;2021;8;8;1;3531.30;3570.00;-38.70;yes;up;up;yes;no;no;no
1/11/2021;3431.43;3450.71;3404.76;86.11;65.46;61.39;60.48;79.55;58.99;69.35;0;1;1;2021;11;11;2;3614.52;3600.00;14.52;yes;up;up;yes;no;no;no
1/12/2021;3457.14;3450.00;3421.43;106.57;55.11;56.28;56.95;77.16;60.17;65.63;1;1;1;2021;12;12;2;3495.84;3510.00;-14.16;yes;down;down;no;yes;no;no
1/13/2021;3485.71;3447.86;3430.00;85.22;51.91;54.65;55.81;67.01;60.70;62.76;2;1;1;2021;13;13;2;3476.12;3480.00;-3.88;yes;down;down;no;yes;no;no
1/14/2021;3484.29;3445.71;3438.57;85.22;53.99;55.58;56.42;67.67;59.60;66.87;3;1;1;2021;14;14;2;3484.33;3500.00;-15.67;yes;up;up;yes;no;no;no
1/15/2021;3488.57;3444.29;3450.00;85.13;51.40;54.38;55.62;69.36;63.23;64.11;4;1;1;2021;15;15;2;3450.03;3480.00;-29.97;yes;down;down;no;yes;no;no
1/18/2021;3504.29;3452.86;3459.52;68.03;47.43;52.56;54.39;60.74;65.34;60.31;0;1;1;2021;18;18;3;3444.30;3450.00;-5.70;yes;down;down;no;yes;no;no
1/19/2021;3512.86;3462.14;3465.71;53.45;42.34;50.14;52.77;37.92;59.69;54.98;1;1;1;2021;19;19;3;3397.85;3410.00;-12.15;yes;down;down;no;yes;no;no
1/20/2021;3490.00;3460.71;3463.81;58.88;51.46;53.59;54.89;28.33;58.64;51.23;2;1;1;2021;20;20;3;3437.11;3470.00;-32.89;yes;up;up;yes;no;no;no
1/21/2021;3471.43;3464.29;3457.14;33.38;52.90;54.16;55.24;40.11;63.27;55.42;3;1;1;2021;21;21;3;3468.26;3480.00;-11.74;yes;up;up;yes;no;no;no
1/22/2021;3467.14;3476.43;3454.29;29.28;40.28;48.41;51.45;40.20;56.97;55.82;4;1;1;2021;22;22;3;3405.09;3390.00;15.09;yes;down;down;no;yes;no;no
1/25/2021;3454.29;3469.29;3448.57;40.36;37.94;47.21;50.64;22.22;51.73;51.07;0;1;1;2021;25;25;4;3386.16;3370.00;16.16;yes;down;down;no;yes;no;no
1/26/2021;3435.71;3462.14;3441.43;45.41;27.62;41.16;46.41;22.94;53.15;53.85;1;1;1;2021;26;26;4;3320.18;3260.00;60.18;no;down;down;no;yes;no;no
1/27/2021;3404.29;3454.29;3436.67;75.69;46.23;48.85;51.09;40.07;53.45;59.23;2;1;1;2021;27;27;4;3358.71;3380.00;-21.29;yes;up;up;yes;no;no;no
1/28/2021;3394.29;3453.57;3439.52;73.23;34.24;41.96;46.15;40.44;38.95;55.02;3;1;1;2021;28;28;4;3274.83;3240.00;34.83;yes;down;down;no;yes;no;no
1/29/2021;3370.00;3430.00;3430.48;92.74;26.73;36.78;42.18;25.39;26.97;50.00;4;1;1;2021;29;29;4;3233.84;3110.00;123.84;no;down;down;no;yes;no;no
2/1/2021;3318.57;3395.00;3415.71;122.94;40.73;43.69;46.63;28.50;34.30;53.78;0;1;2;2021;32;1;5;3217.54;3230.00;-12.46;yes;up;down;no;no;no;yes
2/2/2021;3282.86;3375.00;3411.90;102.91;44.83;45.82;48.03;42.02;41.08;53.05;1;1;2;2021;33;2;5;3173.26;3270.00;-96.74;no;up;down;no;no;no;yes
2/3/2021;3265.71;3360.00;3401.43;91.44;42.27;44.47;47.06;43.60;32.87;49.63;2;1;2;2021;34;3;5;3178.73;3240.00;-61.27;no;down;up;no;no;yes;no
2/4/2021;3247.14;3341.43;3390.48;79.10;48.04;47.27;48.87;54.08;38.43;53.39;3;1;2;2021;35;4;5;3206.37;3290.00;-83.63;no;up;up;yes;no;no;no
2/5/2021;3251.43;3327.86;3386.67;80.71;48.04;47.27;48.87;44.01;41.82;51.37;4;1;2;2021;36;5;5;3210.59;3290.00;-79.41;no;up;up;yes;no;no;no
2/8/2021;3238.57;3316.43;3381.90;61.76;46.77;46.72;48.51;60.88;49.24;44.15;0;1;2;2021;39;8;6;3206.45;3280.00;-73.55;no;down;down;no;yes;no;no
2/9/2021;3244.29;3307.14;3368.10;63.73;37.50;42.49;45.63;63.69;40.84;35.72;1;1;2;2021;40;9;6;3164.51;3200.00;-35.49;yes;down;down;no;yes;no;no
2/10/2021;3257.14;3287.86;3349.05;34.50;36.45;41.97;45.28;44.68;34.81;36.82;2;1;2;2021;41;10;6;3154.17;3190.00;-35.83;yes;down;down;no;yes;no;no
2/11/2021;3251.43;3267.14;3333.81;42.20;36.45;41.97;45.28;41.37;41.77;41.15;3;1;2;2021;42;11;6;3152.80;3190.00;-37.20;yes;up;down;no;no;no;yes
2/15/2021;3240.00;3252.86;3320.00;46.90;42.99;44.31;46.64;55.38;48.31;38.47;0;1;2;2021;46;15;7;3196.12;3220.00;-23.88;yes;up;up;yes;no;no;no
2/16/2021;3237.14;3242.14;3306.67;47.51;41.33;43.68;46.24;42.39;49.32;39.44;1;1;2;2021;47;16;7;3192.19;3210.00;-17.81;yes;down;down;no;yes;no;no
2/17/2021;3225.71;3238.57;3293.81;41.98;32.57;40.00;43.86;35.64;39.83;39.92;2;1;2;2021;48;17;7;3060.08;3150.00;-89.92;no;down;down;no;yes;no;no
2/18/2021;3205.71;3222.14;3279.52;39.52;39.99;42.60;45.34;39.77;49.66;46.13;3;1;2;2021;49;18;7;3112.15;3180.00;-67.85;no;up;up;yes;no;no;no
2/19/2021;3191.43;3217.86;3268.57;22.68;46.82;45.17;46.81;45.11;54.18;42.11;4;1;2;2021;50;19;7;3153.86;3210.00;-56.14;yes;up;up;yes;no;no;no
2/22/2021;3192.86;3225.00;3256.19;23.60;39.78;42.44;45.11;46.72;45.71;38.21;0;1;2;2021;53;22;8;3096.86;3170.00;-73.14;no;down;down;no;yes;no;no
2/23/2021;3190.00;3220.71;3241.43;25.17;74.00;61.29;57.32;62.74;54.36;49.67;1;1;2;2021;54;23;8;3320.77;3470.00;-149.23;no;up;up;yes;no;no;no
2/24/2021;3230.00;3235.00;3245.24;108.78;74.56;61.74;57.65;70.09;65.06;57.78;2;1;2;2021;55;24;8;3426.84;3480.00;-53.16;yes;up;up;yes;no;no;no
2/25/2021;3267.14;3252.14;3250.48;143.61;75.19;62.21;57.99;79.59;67.92;63.59;3;1;2;2021;56;25;8;3450.92;3490.00;-39.08;yes;up;up;yes;no;no;no
2/26/2021;3307.14;3266.43;3261.43;162.76;75.19;62.21;57.99;72.83;60.47;56.36;4;1;2;2021;57;26;8;3518.31;3490.00;28.31;yes;up;up;yes;no;no;no
3/1/2021;3355.71;3280.71;3266.67;158.73;75.19;62.21;57.99;71.87;60.47;60.57;0;1;3;2021;60;1;9;3578.22;3490.00;88.22;no;up;up;yes;no;no;no
3/2/2021;3400.00;3295.71;3278.57;144.11;67.30;59.46;56.41;66.44;59.83;60.71;1;1;3;2021;61;2;9;3538.44;3460.00;78.44;no;down;down;no;yes;no;no
3/3/2021;3435.71;3314.29;3295.24;117.74;62.22;57.63;55.36;66.91;60.78;57.09;2;1;3;2021;62;3;9;3512.81;3440.00;72.81;no;down;down;no;yes;no;no
3/4/2021;3474.29;3332.14;3305.24;19.02;46.02;50.88;51.33;50.27;55.52;52.50;3;1;3;2021;63;4;9;3423.19;3360.00;63.19;no;down;down;no;yes;no;no
3/5/2021;3458.57;3344.29;3309.52;47.41;39.95;47.86;49.44;30.17;50.72;51.70;4;1;3;2021;64;5;9;3369.78;3320.00;49.78;yes;down;down;no;yes;no;no
3/8/2021;3435.71;3351.43;3313.33;69.01;44.24;49.48;50.40;18.57;54.21;51.72;0;1;3;2021;67;8;10;3403.82;3340.00;63.82;no;up;up;yes;no;no;no
3/9/2021;3414.29;3360.71;3315.71;72.54;36.61;45.67;48.01;21.51;54.35;49.83;1;1;3;2021;68;9;10;3295.13;3290.00;5.13;yes;down;down;no;yes;no;no
3/10/2021;3385.71;3370.71;3315.71;77.00;56.06;54.05;53.14;21.22;53.27;49.78;2;1;3;2021;69;10;10;3393.66;3400.00;-6.34;yes;up;up;yes;no;no;no
3/12/2021;3372.86;3386.43;3321.43;62.91;62.21;57.27;55.25;37.20;56.83;54.12;4;1;3;2021;71;12;10;3423.78;3450.00;-26.22;yes;up;up;yes;no;no;no
3/15/2021;3371.43;3403.57;3333.33;60.67;50.63;51.79;51.82;39.00;57.99;55.41;0;1;3;2021;74;15;11;3349.13;3380.00;-30.87;yes;down;down;no;yes;no;no
3/16/2021;3362.86;3418.57;3342.38;53.14;47.68;50.31;50.88;44.18;48.29;53.04;1;1;3;2021;75;16;11;3346.06;3360.00;-13.94;yes;down;down;no;yes;no;no
3/17/2021;3362.86;3410.71;3350.48;53.14;52.53;52.50;52.25;60.54;40.39;52.66;2;1;3;2021;76;17;11;3395.56;3390.00;5.56;yes;up;up;yes;no;no;no
3/18/2021;3372.86;3404.29;3358.57;50.24;60.97;56.63;54.90;62.22;35.24;55.85;3;1;3;2021;77;18;11;3449.92;3450.00;-0.09;yes;up;up;yes;no;no;no
3/19/2021;3388.57;3401.43;3370.00;55.21;58.93;55.76;54.37;58.81;37.58;55.31;4;1;3;2021;78;19;11;3449.66;3440.00;9.66;yes;down;down;no;yes;no;no
3/22/2021;3410.00;3397.86;3383.81;36.51;47.76;50.73;51.27;46.71;31.83;51.91;0;1;3;2021;81;22;12;3357.25;3380.00;-22.75;yes;down;down;no;yes;no;no
3/23/2021;3407.14;3390.00;3393.33;38.17;44.48;49.14;50.26;31.48;34.81;52.00;1;1;3;2021;82;23;12;3332.97;3360.00;-27.03;yes;down;down;no;yes;no;no
3/24/2021;3394.29;3382.86;3400.48;36.45;46.62;49.98;50.77;30.53;35.30;52.53;2;1;3;2021;83;24;12;3335.40;3370.00;-34.60;yes;up;up;yes;no;no;no
3/25/2021;3392.86;3377.86;3410.00;37.29;54.75;53.32;52.79;46.34;45.24;47.82;3;1;3;2021;84;25;12;3398.36;3410.00;-11.64;yes;up;up;yes;no;no;no
3/26/2021;3400.00;3381.43;3407.14;34.64;66.62;59.19;56.53;50.31;55.06;43.17;4;1;3;2021;85;26;12;3484.87;3490.00;-5.13;yes;up;up;yes;no;no;no
3/29/2021;3414.29;3393.57;3407.62;47.91;51.01;52.13;52.19;35.76;48.65;35.39;0;1;3;2021;88;29;13;3338.60;3410.00;-71.40;no;down;down;no;yes;no;no
3/30/2021;3408.57;3398.57;3403.81;45.25;46.27;49.74;50.65;40.78;50.41;38.45;1;1;3;2021;89;30;13;3361.34;3380.00;-18.66;yes;down;up;no;no;yes;no
3/31/2021;3400.00;3405.00;3398.57;43.97;53.06;52.85;52.60;45.39;46.11;35.33;2;1;3;2021;90;31;13;3425.85;3420.00;5.85;yes;up;up;yes;no;no;no
4/1/2021;3405.71;3406.43;3395.24;43.53;47.77;50.33;51.02;58.51;44.61;41.52;3;2;4;2021;91;1;13;3371.41;3390.00;-18.59;yes;down;down;no;yes;no;no
4/5/2021;3410.00;3402.14;3391.90;39.58;45.99;49.49;50.48;62.34;45.24;42.68;0;2;4;2021;95;5;14;3366.59;3380.00;-13.41;yes;down;down;no;yes;no;no
4/6/2021;3411.43;3402.14;3389.05;38.05;44.08;48.61;49.94;45.79;46.12;45.38;1;2;4;2021;96;6;14;3355.43;3370.00;-14.57;yes;down;down;no;yes;no;no
4/7/2021;3405.71;3402.86;3389.52;41.17;51.20;51.40;51.59;42.33;47.36;52.01;2;2;4;2021;97;7;14;3359.55;3400.00;-40.45;yes;up;up;yes;no;no;no
4/8/2021;3392.86;3403.57;3393.33;17.99;48.78;50.41;51.00;43.98;38.83;47.56;3;2;4;2021;98;8;14;3360.86;3390.00;-29.14;yes;down;up;no;no;yes;no
4/9/2021;3390.00;3399.29;3395.71;16.33;41.87;47.48;49.23;45.23;42.55;49.19;4;2;4;2021;99;9;14;3356.63;3360.00;-3.38;yes;down;down;no;yes;no;no
4/12/2021;3387.14;3393.57;3399.05;19.76;32.83;42.99;46.40;37.03;41.44;43.48;0;2;4;2021;102;12;15;3282.59;3310.00;-27.41;yes;down;down;no;yes;no;no
4/13/2021;3371.43;3388.57;3394.76;30.24;38.98;45.22;47.66;21.00;41.66;37.91;1;2;4;2021;103;13;15;3313.08;3330.00;-16.92;yes;up;up;yes;no;no;no
4/14/2021;3362.86;3386.43;3389.05;32.51;42.07;46.35;48.30;32.52;48.19;41.49;2;2;4;2021;104;14;15;3323.28;3340.00;-16.72;yes;up;up;yes;no;no;no
4/15/2021;3357.14;3384.29;3387.14;32.51;48.20;48.64;49.59;45.30;45.53;45.87;3;2;4;2021;105;15;15;3336.47;3360.00;-23.53;yes;up;up;yes;no;no;no
4/16/2021;3355.71;3380.71;3387.14;32.07;48.20;48.64;49.59;40.90;41.58;45.49;4;2;4;2021;106;16;15;3334.33;3360.00;-25.67;yes;up;down;no;no;no;yes
4/19/2021;3350.00;3371.43;3385.71;25.82;42.13;46.35;48.26;42.42;43.16;39.87;0;2;4;2021;109;19;16;3324.05;3340.00;-15.95;yes;down;down;no;yes;no;no
4/20/2021;3342.86;3366.43;3380.48;18.90;36.74;44.11;46.94;42.63;43.85;42.57;1;2;4;2021;110;20;16;3288.64;3320.00;-31.36;yes;down;down;no;yes;no;no
4/21/2021;3337.14;3362.14;3374.76;18.90;28.29;39.96;44.39;46.35;41.31;42.85;2;2;4;2021;111;21;16;3272.13;3280.00;-7.87;yes;down;down;no;yes;no;no
4/22/2021;3332.86;3352.14;3370.00;27.52;46.30;46.71;48.10;60.57;39.81;47.13;3;2;4;2021;112;22;16;3333.71;3330.00;3.71;yes;up;up;yes;no;no;no
4/23/2021;3332.86;3347.86;3368.57;27.52;41.44;44.55;46.79;48.16;39.67;48.18;4;2;4;2021;113;23;16;3319.02;3310.00;9.02;yes;down;down;no;yes;no;no
4/26/2021;3328.57;3342.86;3365.71;28.54;30.31;38.77;43.09;30.88;39.03;41.30;0;2;4;2021;116;26;17;3262.82;3250.00;12.82;yes;down;down;no;yes;no;no
4/27/2021;3312.86;3334.29;3358.10;37.29;20.62;32.05;38.33;12.03;25.87;30.87;1;2;4;2021;117;27;17;3089.18;3160.00;-70.82;no;down;down;no;yes;no;no
4/28/2021;3284.29;3317.14;3342.38;62.94;19.04;30.77;37.37;11.03;25.12;30.58;2;2;4;2021;118;28;17;2988.17;3140.00;-151.84;no;down;down;no;yes;no;no
4/29/2021;3255.71;3299.29;3329.52;77.21;36.15;38.67;41.96;29.49;35.05;37.83;3;2;4;2021;119;29;17;3135.42;3200.00;-64.58;no;up;up;yes;no;no;no
4/30/2021;3238.57;3287.86;3320.95;73.81;36.15;38.67;41.96;46.95;46.73;43.81;4;2;4;2021;120;30;17;3153.39;3200.00;-46.61;yes;up;up;yes;no;no;no
5/3/2021;3227.14;3280.00;3310.48;72.51;31.60;36.27;40.33;34.91;43.81;37.50;0;2;5;2021;123;3;18;2992.17;3170.00;-177.83;no;down;down;no;yes;no;no
5/4/2021;3204.29;3268.57;3300.00;58.55;42.79;41.48;43.41;42.03;44.07;40.79;1;2;5;2021;124;4;18;3097.49;3210.00;-112.51;no;up;up;yes;no;no;no
5/5/2021;3190.00;3259.29;3291.90;36.51;40.84;40.59;42.83;45.42;40.44;41.94;2;2;5;2021;125;5;18;3097.33;3200.00;-102.67;no;down;down;no;yes;no;no
5/6/2021;3182.86;3247.86;3283.81;26.28;38.78;39.67;42.24;50.89;34.07;36.02;3;2;5;2021;126;6;18;3085.22;3190.00;-104.78;no;down;down;no;yes;no;no
5/7/2021;3187.14;3235.71;3273.81;24.30;38.78;39.67;42.24;65.83;41.11;41.46;4;2;5;2021;127;7;18;3088.34;3190.00;-101.66;no;up;up;yes;no;no;no
5/10/2021;3194.29;3225.00;3264.29;12.72;34.10;37.68;40.99;48.76;39.54;40.34;0;2;5;2021;130;10;19;3060.80;3170.00;-109.20;no;down;down;no;yes;no;no
5/11/2021;3190.00;3214.29;3255.24;15.28;38.44;39.32;41.89;33.19;41.22;42.51;1;2;5;2021;131;11;19;3077.92;3180.00;-102.08;no;up;up;yes;no;no;no
5/17/2021;3187.14;3207.14;3249.05;14.96;42.83;40.98;42.81;44.81;38.13;44.05;0;2;5;2021;137;17;20;3103.43;3190.00;-86.57;no;up;up;yes;no;no;no
5/18/2021;3190.00;3197.14;3242.38;12.91;39.54;39.80;42.11;26.53;36.92;39.74;1;2;5;2021;138;18;20;3082.00;3180.00;-98.00;no;down;down;no;yes;no;no
5/19/2021;3185.71;3187.86;3234.76;9.76;33.53;37.49;40.71;35.07;41.54;38.92;2;2;5;2021;139;19;20;3057.19;3160.00;-102.81;no;down;down;no;yes;no;no
5/20/2021;3180.00;3181.43;3225.24;11.55;71.47;57.48;53.00;65.93;57.80;44.44;3;2;5;2021;140;20;20;3293.61;3310.00;-16.39;yes;up;up;yes;no;no;no
5/21/2021;3197.14;3192.14;3222.86;50.90;60.69;52.65;50.09;66.51;66.14;49.22;4;2;5;2021;141;21;20;3275.13;3270.00;5.13;yes;down;down;no;yes;no;no
5/24/2021;3208.57;3201.43;3219.52;57.57;58.13;51.48;49.38;71.52;58.91;48.99;0;2;5;2021;144;24;21;3276.04;3260.00;16.04;yes;down;up;no;no;yes;no
5/25/2021;3221.43;3205.71;3216.67;57.57;65.01;55.71;52.23;74.75;55.72;52.30;1;2;5;2021;145;25;21;3294.65;3300.00;-5.35;yes;up;up;yes;no;no;no
5/27/2021;3238.57;3212.86;3217.62;60.94;74.71;62.70;57.28;82.42;71.01;57.05;3;2;5;2021;147;27;21;3451.27;3380.00;71.27;no;up;up;yes;no;no;no
5/28/2021;3265.71;3227.86;3220.00;76.13;51.72;50.82;49.70;81.04;64.16;55.61;4;2;5;2021;148;28;21;3259.07;3270.00;-10.93;yes;down;down;no;yes;no;no
5/31/2021;3278.57;3232.14;3218.10;66.19;68.95;62.61;58.59;83.40;68.53;60.70;0;2;5;2021;151;31;22;3403.81;3440.00;-36.19;yes;up;up;yes;no;no;no
6/2/2021;3318.57;3249.29;3227.14;67.19;69.69;63.17;59.04;81.77;75.72;68.04;2;2;6;2021;153;2;22;3432.84;3450.00;-17.16;yes;up;up;yes;no;no;no
6/3/2021;3338.57;3267.86;3240.95;83.15;72.73;65.40;60.81;81.26;75.48;72.44;3;2;6;2021;154;3;22;3539.57;3490.00;49.57;yes;up;up;yes;no;no;no
6/4/2021;3370.00;3289.29;3257.62;93.81;73.51;65.96;61.26;89.29;82.68;71.96;4;2;6;2021;155;4;22;3555.24;3500.00;55.24;yes;up;up;yes;no;no;no
6/7/2021;3404.29;3312.86;3271.90;90.71;77.28;68.66;63.42;90.15;84.29;71.86;0;2;6;2021;158;7;23;3597.34;3550.00;47.34;yes;up;up;yes;no;no;no
6/8/2021;3440.00;3339.29;3288.57;92.01;66.27;63.25;59.91;71.18;76.78;71.08;1;2;6;2021;159;8;23;3590.93;3500.00;90.93;no;down;down;no;yes;no;no
6/9/2021;3457.14;3361.43;3304.29;90.13;48.54;53.29;53.11;68.86;74.87;66.11;2;2;6;2021;160;9;23;3429.95;3390.00;39.95;yes;down;down;no;yes;no;no
6/10/2021;3474.29;3376.43;3312.86;51.92;59.01;58.98;57.28;68.20;76.29;68.41;3;2;6;2021;161;10;23;3492.01;3480.00;12.01;yes;up;up;yes;no;no;no
6/11/2021;3480.00;3399.29;3326.19;49.67;57.49;58.13;56.69;67.07;74.67;72.56;4;2;6;2021;162;11;23;3499.02;3470.00;29.02;yes;down;up;no;no;yes;no
6/14/2021;3482.86;3410.71;3339.52;48.21;48.73;53.19;53.25;59.12;70.67;69.62;0;2;6;2021;165;14;24;3448.19;3410.00;38.19;yes;down;down;no;yes;no;no
6/15/2021;3471.43;3420.71;3350.00;55.21;52.91;55.24;54.69;49.85;70.72;70.91;1;2;6;2021;166;15;24;3475.45;3440.00;35.45;yes;up;up;yes;no;no;no
6/16/2021;3462.86;3433.57;3362.86;54.69;48.31;52.76;52.97;36.15;67.65;69.53;2;2;6;2021;167;16;24;3436.87;3410.00;26.87;yes;down;down;no;yes;no;no
6/17/2021;3442.86;3441.43;3373.81;41.52;40.16;48.10;49.70;42.06;59.30;67.84;3;2;6;2021;168;17;24;3412.88;3350.00;62.88;no;down;down;no;yes;no;no
6/18/2021;3421.43;3439.29;3381.43;45.62;40.16;48.10;49.70;38.13;55.83;64.90;4;2;6;2021;169;18;24;3359.83;3350.00;9.83;yes;up;down;no;no;no;yes
6/21/2021;3415.71;3445.00;3389.52;52.24;33.71;44.31;47.03;16.19;47.43;62.02;0;2;6;2021;172;21;25;3281.69;3300.00;-18.31;yes;down;down;no;yes;no;no
6/22/2021;3390.00;3435.00;3396.19;59.16;33.71;44.31;47.03;16.73;46.45;60.14;1;2;6;2021;173;22;25;3279.47;3300.00;-20.53;yes;up;down;no;no;no;yes
6/23/2021;3365.71;3424.29;3395.71;55.63;49.25;50.62;51.09;30.27;46.54;59.76;2;2;6;2021;174;23;25;3347.90;3370.00;-22.10;yes;up;up;yes;no;no;no
6/24/2021;3360.00;3415.71;3400.48;52.28;33.53;41.87;44.89;28.38;40.06;58.74;3;2;6;2021;175;24;25;3269.21;3250.00;19.21;yes;down;down;no;yes;no;no
6/25/2021;3332.86;3397.86;3400.00;53.14;33.53;41.87;44.89;27.60;31.90;55.97;4;2;6;2021;176;25;25;3255.19;3250.00;5.19;yes;up;down;no;no;no;yes
6/28/2021;3310.00;3376.43;3397.62;48.65;26.00;36.93;41.22;27.05;33.95;48.85;0;2;6;2021;179;28;26;3133.88;3170.00;-36.12;yes;down;down;no;yes;no;no
6/29/2021;3284.29;3352.86;3387.62;67.79;25.17;36.35;40.78;29.41;33.82;48.09;1;2;6;2021;180;29;26;3035.29;3160.00;-124.71;no;down;down;no;yes;no;no
6/30/2021;3257.14;3336.43;3382.38;74.77;24.28;35.75;40.33;26.62;21.92;40.61;2;2;6;2021;181;30;26;3045.90;3150.00;-104.10;no;down;up;no;no;yes;no
7/1/2021;3235.71;3312.86;3368.57;81.62;20.81;33.37;38.55;11.98;14.05;34.49;3;3;7;2021;182;1;26;3026.34;3110.00;-83.66;no;down;down;no;yes;no;no
7/2/2021;3208.57;3287.14;3352.38;88.02;17.84;31.14;36.83;0.00;12.96;29.41;4;3;7;2021;183;2;26;2898.10;3070.00;-171.90;no;down;down;no;yes;no;no
7/5/2021;3165.71;3262.86;3332.38;66.80;15.86;29.54;35.59;0.00;12.40;25.23;0;3;7;2021;186;5;27;2846.98;3040.00;-193.02;no;down;down;no;yes;no;no
7/6/2021;3135.71;3234.29;3310.48;69.73;14.04;28.00;34.37;0.00;11.58;18.90;1;3;7;2021;187;6;27;2773.04;3010.00;-236.96;no;down;down;no;yes;no;no
7/7/2021;3101.43;3205.71;3284.76;62.83;21.08;30.60;35.91;11.19;17.76;24.10;2;3;7;2021;188;7;27;2862.99;3030.00;-167.01;no;up;up;yes;no;no;no
7/8/2021;3081.43;3182.86;3262.38;59.56;19.24;29.45;35.05;11.16;18.34;24.02;3;3;7;2021;189;8;27;2809.94;3010.00;-200.06;no;down;down;no;yes;no;no
7/9/2021;3060.00;3158.57;3244.29;53.23;54.20;45.86;45.37;31.74;29.70;26.38;4;3;7;2021;190;9;27;3183.99;3160.00;23.99;yes;up;up;yes;no;no;no
7/12/2021;3061.43;3148.57;3229.05;56.10;49.22;43.67;43.91;42.41;29.37;26.23;0;3;7;2021;193;12;28;3132.90;3130.00;2.90;yes;down;down;no;yes;no;no
7/13/2021;3064.29;3136.43;3212.86;59.40;40.55;39.60;41.12;46.07;24.32;25.87;1;3;7;2021;194;13;28;3050.78;3070.00;-19.22;yes;down;down;no;yes;no;no
7/14/2021;3064.29;3115.00;3196.67;59.40;39.20;38.95;40.67;48.62;24.66;25.69;2;3;7;2021;195;14;28;3034.36;3060.00;-25.64;yes;down;down;no;yes;no;no
7/15/2021;3067.14;3101.43;3178.57;58.51;52.15;45.69;45.10;63.23;29.39;28.89;3;3;7;2021;196;15;28;3161.68;3130.00;31.68;yes;up;up;yes;no;no;no
7/16/2021;3084.29;3092.86;3165.24;56.53;58.10;49.14;47.46;61.14;33.21;31.46;4;3;7;2021;197;16;28;3219.39;3170.00;49.39;yes;up;up;yes;no;no;no
7/19/2021;3104.29;3092.86;3156.67;58.84;64.53;53.15;50.27;77.87;40.32;37.40;0;3;7;2021;200;19;29;3255.81;3220.00;35.81;yes;up;up;yes;no;no;no
7/21/2021;3134.29;3097.14;3150.48;56.23;62.30;52.26;49.71;74.26;47.97;41.77;2;3;7;2021;202;21;29;3269.81;3210.00;59.81;no;down;up;no;no;yes;no
7/22/2021;3141.43;3101.43;3146.19;62.83;68.63;56.20;52.47;72.73;53.97;40.66;3;3;7;2021;203;22;29;3300.11;3260.00;40.11;yes;up;up;yes;no;no;no
7/23/2021;3160.00;3112.14;3144.29;76.59;50.74;48.45;47.53;74.39;57.27;37.18;4;3;7;2021;204;23;29;3176.96;3170.00;6.96;yes;down;down;no;yes;no;no
7/26/2021;3174.29;3119.29;3134.76;65.54;53.86;50.10;48.66;77.88;60.25;38.00;0;3;7;2021;207;26;30;3179.77;3190.00;-10.23;yes;up;up;yes;no;no;no
7/27/2021;3192.86;3130.00;3131.90;41.92;64.38;56.13;52.91;76.94;68.78;40.81;1;3;7;2021;208;27;30;3232.04;3270.00;-37.96;yes;up;up;yes;no;no;no
7/28/2021;3212.86;3148.57;3132.86;40.30;50.85;49.66;48.68;60.47;60.85;40.14;2;3;7;2021;209;28;30;3181.68;3190.00;-8.32;yes;down;down;no;yes;no;no
7/29/2021;3215.71;3160.00;3133.81;37.35;56.22;52.61;50.75;61.28;70.50;45.75;3;3;7;2021;210;29;30;3220.60;3230.00;-9.40;yes;up;up;yes;no;no;no
7/30/2021;3217.14;3175.71;3137.14;37.73;57.57;53.34;51.26;59.97;67.50;51.03;4;3;7;2021;211;30;30;3235.46;3240.00;-4.54;yes;up;up;yes;no;no;no
8/2/2021;3221.43;3181.43;3141.43;38.48;66.11;58.22;54.75;60.83;66.86;55.83;0;3;8;2021;214;2;31;3246.69;3310.00;-63.31;no;up;up;yes;no;no;no
8/3/2021;3228.57;3194.29;3150.95;49.81;68.24;59.52;55.70;73.67;74.02;62.05;1;3;8;2021;215;3;31;3323.28;3330.00;-6.72;yes;up;up;yes;no;no;no
8/4/2021;3251.43;3212.86;3163.33;54.90;72.31;62.06;57.56;83.15;80.65;67.26;2;3;8;2021;216;4;31;3398.28;3370.00;28.28;yes;up;up;yes;no;no;no
8/5/2021;3277.14;3235.00;3179.05;62.91;65.03;59.06;55.71;83.95;80.79;73.78;3;3;8;2021;217;5;31;3338.28;3340.00;-1.72;yes;down;down;no;yes;no;no
8/6/2021;3287.14;3250.00;3194.76;67.01;60.30;57.08;54.49;94.24;77.40;71.02;4;3;8;2021;218;6;31;3329.05;3320.00;9.05;yes;down;down;no;yes;no;no
8/9/2021;3305.71;3260.71;3208.57;51.92;46.51;50.68;50.41;79.74;69.96;73.11;0;3;8;2021;221;9;32;3206.36;3250.00;-43.64;yes;down;down;no;yes;no;no
8/10/2021;3308.57;3262.86;3220.00;47.41;43.22;48.98;49.30;65.95;62.72;67.05;1;3;8;2021;222;10;32;3242.64;3230.00;12.64;yes;down;up;no;no;yes;no
8/12/2021;3307.14;3264.29;3223.33;49.90;62.04;58.04;55.46;68.25;64.32;67.28;3;3;8;2021;224;12;32;3361.58;3350.00;11.58;yes;up;up;yes;no;no;no
8/13/2021;3312.86;3270.71;3233.81;52.51;53.43;53.76;52.66;61.18;68.54;70.65;4;3;8;2021;225;13;32;3319.87;3300.00;19.87;yes;down;down;no;yes;no;no
8/16/2021;3308.57;3280.00;3244.76;52.10;58.77;56.52;54.59;58.63;73.55;75.09;0;3;8;2021;228;16;33;3354.80;3340.00;14.80;yes;up;up;yes;no;no;no
8/18/2021;3304.29;3290.71;3258.10;47.21;67.47;61.48;58.16;65.56;76.16;76.41;2;3;8;2021;230;18;33;3379.44;3420.00;-40.56;yes;up;up;yes;no;no;no
8/19/2021;3315.71;3301.43;3271.90;63.99;61.77;58.77;56.42;56.69;75.90;70.70;3;3;8;2021;231;19;33;3362.08;3390.00;-27.92;yes;down;down;no;yes;no;no
8/20/2021;3325.71;3315.71;3282.38;69.97;62.99;59.41;56.87;72.27;75.74;70.77;4;3;8;2021;232;20;33;3483.71;3400.00;83.71;no;up;up;yes;no;no;no
8/23/2021;3347.14;3327.86;3290.95;65.76;67.77;61.96;58.68;82.35;75.12;69.94;0;3;8;2021;235;23;34;3524.11;3440.00;84.11;no;up;up;yes;no;no;no
8/24/2021;3377.14;3342.14;3301.90;49.23;58.89;58.04;56.20;69.09;68.70;65.99;1;3;8;2021;236;24;34;3420.06;3400.00;20.06;yes;down;down;no;yes;no;no
8/25/2021;3384.29;3348.57;3308.57;48.26;52.83;55.21;54.40;61.68;61.48;65.86;2;3;8;2021;237;25;34;3398.27;3370.00;28.27;yes;down;down;no;yes;no;no
8/26/2021;3394.29;3351.43;3318.10;32.59;50.79;54.26;53.79;54.02;55.73;65.74;3;3;8;2021;238;26;34;3361.35;3360.00;1.35;yes;down;down;no;yes;no;no
8/27/2021;3397.14;3350.71;3326.19;27.52;43.06;50.53;51.39;33.62;48.20;61.90;4;3;8;2021;239;27;34;3331.82;3320.00;11.82;yes;down;down;no;yes;no;no
8/30/2021;3382.86;3349.29;3328.57;37.73;57.99;56.92;55.56;49.08;52.97;67.36;0;3;8;2021;242;30;35;3423.04;3400.00;23.04;yes;up;up;yes;no;no;no
8/31/2021;3384.29;3355.00;3338.57;38.23;57.99;56.92;55.56;50.72;62.01;67.55;1;3;8;2021;243;31;35;3427.00;3400.00;27.00;yes;up;up;yes;no;no;no
9/1/2021;3384.29;3365.71;3346.67;38.23;45.75;51.17;51.88;36.61;60.35;61.98;2;3;9;2021;244;1;35;3329.36;3340.00;-10.64;yes;down;down;no;yes;no;no
9/2/2021;3370.00;3373.57;3351.43;32.15;51.69;53.69;53.50;47.89;58.87;61.80;3;3;9;2021;245;2;35;3341.79;3370.00;-28.21;yes;up;up;yes;no;no;no
9/3/2021;3365.71;3375.00;3354.29;29.36;55.49;55.34;54.56;60.75;61.26;61.24;4;3;9;2021;246;3;35;3413.29;3390.00;23.29;yes;up;up;yes;no;no;no
9/6/2021;3368.57;3381.43;3357.14;30.78;55.49;55.34;54.56;68.07;59.91;59.58;0;3;9;2021;249;6;36;3414.48;3390.00;24.48;yes;up;up;yes;no;no;no
9/7/2021;3372.86;3385.00;3358.10;31.47;52.67;54.22;53.88;71.00;50.51;55.26;1;3;9;2021;250;7;36;3404.33;3380.00;24.33;yes;down;down;no;yes;no;no
9/8/2021;3381.43;3382.14;3360.00;21.16;40.64;48.88;50.57;54.45;51.65;53.43;2;3;9;2021;251;8;36;3345.97;3330.00;15.97;yes;down;down;no;yes;no;no
9/9/2021;3371.43;3377.86;3360.48;26.73;55.02;54.65;54.12;49.01;49.96;58.45;3;3;9;2021;252;9;36;3403.68;3390.00;13.68;yes;up;up;yes;no;no;no
9/10/2021;3370.00;3377.14;3367.14;25.17;42.90;48.73;50.32;53.36;43.52;58.59;4;3;9;2021;253;10;36;3341.94;3330.00;11.94;yes;down;down;no;yes;no;no
9/13/2021;3368.57;3369.29;3371.90;27.34;47.40;50.65;51.51;40.28;44.72;54.11;0;3;9;2021;256;13;37;3337.33;3350.00;-12.67;yes;up;down;no;no;no;yes
9/14/2021;3365.71;3365.71;3371.90;28.20;62.82;58.23;56.45;53.26;57.18;58.92;1;3;9;2021;257;14;37;3423.04;3440.00;-16.96;yes;up;up;yes;no;no;no
9/15/2021;3372.86;3370.71;3378.57;39.46;64.18;58.98;56.96;59.67;63.51;59.83;2;3;9;2021;258;15;37;3483.83;3450.00;33.83;yes;up;up;yes;no;no;no
9/16/2021;3381.43;3377.14;3383.81;49.14;61.55;57.86;56.27;64.75;67.67;55.35;3;3;9;2021;259;16;37;3430.58;3440.00;-9.42;yes;down;down;no;yes;no;no
9/17/2021;3390.00;3385.71;3384.76;53.85;73.11;64.43;60.78;82.18;69.52;62.74;4;3;9;2021;260;17;37;3563.96;3530.00;33.96;yes;up;up;yes;no;no;no
9/20/2021;3418.57;3395.00;3391.43;67.93;70.37;63.25;60.06;82.34;68.13;62.05;0;3;9;2021;263;20;38;3584.74;3520.00;64.74;no;down;up;no;no;yes;no
9/21/2021;3437.14;3403.57;3397.14;76.10;71.61;63.96;60.55;92.45;77.38;62.93;1;3;9;2021;264;21;38;3664.37;3530.00;134.37;no;up;up;yes;no;no;no
9/22/2021;3465.71;3417.14;3401.43;66.04;78.05;67.97;63.40;100.00;77.82;67.57;2;3;9;2021;265;22;38;3684.45;3590.00;94.45;no;up;up;yes;no;no;no
9/23/2021;3500.00;3432.86;3410.48;57.74;68.93;64.13;61.09;100.00;78.78;72.79;3;3;9;2021;266;23;38;3645.24;3560.00;85.24;no;down;down;no;yes;no;no
9/24/2021;3517.14;3445.00;3419.52;54.69;68.93;64.13;61.09;86.55;73.38;71.83;4;3;9;2021;267;24;38;3646.76;3560.00;86.76;no;up;up;yes;no;no;no
9/27/2021;3532.86;3457.14;3429.05;47.51;56.87;58.98;57.98;74.56;70.31;70.50;0;3;9;2021;270;27;39;3505.31;3520.00;-14.69;yes;down;down;no;yes;no;no
9/28/2021;3544.29;3467.14;3438.57;26.37;58.96;59.85;58.53;68.79;75.53;69.27;1;3;9;2021;271;28;39;3603.87;3530.00;73.86;no;up;up;yes;no;no;no
9/29/2021;3544.29;3481.43;3444.76;26.37;58.96;59.85;58.53;62.74;73.51;66.41;2;3;9;2021;272;29;39;3606.27;3530.00;76.27;no;up;up;yes;no;no;no
9/30/2021;3545.71;3491.43;3450.95;25.07;80.05;71.17;66.36;67.51;80.89;73.96;3;3;9;2021;273;30;39;3748.88;3690.00;58.88;no;up;up;yes;no;no;no
10/1/2021;3568.57;3517.14;3467.62;58.72;71.96;67.34;63.98;70.30;85.88;75.09;4;4;10;2021;274;1;39;3734.73;3660.00;74.73;no;down;down;no;yes;no;no
10/4/2021;3578.57;3539.29;3481.43;68.17;73.02;67.96;64.43;52.67;76.84;69.81;0;4;10;2021;277;4;40;3734.80;3670.00;64.80;no;up;up;yes;no;no;no
10/5/2021;3594.29;3555.71;3494.76;75.47;73.02;67.96;64.43;70.85;78.36;72.47;1;4;10;2021;278;5;40;3752.49;3670.00;82.49;no;up;up;yes;no;no;no
10/6/2021;3610.00;3571.43;3508.10;78.53;81.56;73.25;68.32;87.23;81.07;76.66;2;4;10;2021;279;6;40;3813.04;3760.00;53.04;yes;up;up;yes;no;no;no
10/7/2021;3644.29;3594.29;3526.19;84.82;70.06;67.88;65.00;80.03;75.37;77.39;3;4;10;2021;280;7;40;3780.91;3720.00;60.91;no;down;down;no;yes;no;no
10/8/2021;3671.43;3607.86;3544.76;71.51;77.47;72.26;68.24;82.40;75.66;77.63;4;4;10;2021;281;8;40;3865.79;3800.00;65.79;no;up;up;yes;no;no;no
10/11/2021;3710.00;3627.86;3564.29;52.92;78.26;72.76;68.62;80.67;75.45;80.80;0;4;10;2021;284;11;41;3893.60;3810.00;83.60;no;up;up;yes;no;no;no
10/12/2021;3727.14;3647.86;3587.14;63.70;69.75;68.76;66.12;69.04;69.58;79.39;1;4;10;2021;285;12;41;3847.29;3780.00;67.29;no;down;down;no;yes;no;no
10/13/2021;3744.29;3661.43;3607.62;58.55;66.92;67.43;65.29;68.23;61.72;73.35;2;4;10;2021;286;13;41;3832.67;3770.00;62.67;no;down;down;no;yes;no;no
10/14/2021;3758.57;3676.43;3623.33;48.80;74.24;71.05;67.84;66.26;68.39;73.83;3;4;10;2021;287;14;41;3917.58;3830.00;87.58;no;up;up;yes;no;no;no
10/15/2021;3781.43;3695.71;3641.43;36.25;68.36;68.32;66.14;48.55;69.05;70.89;4;4;10;2021;288;15;41;3912.31;3810.00;102.31;no;down;down;no;yes;no;no
10/18/2021;3788.57;3716.43;3659.05;36.25;62.58;65.61;64.44;60.37;71.01;70.40;0;4;10;2021;291;18;42;3872.55;3790.00;82.55;no;down;down;no;yes;no;no
10/19/2021;3798.57;3735.00;3671.43;20.35;50.20;59.27;60.37;46.98;67.72;66.56;1;4;10;2021;292;19;42;3758.80;3740.00;18.80;yes;down;down;no;yes;no;no
10/21/2021;3790.00;3750.00;3681.90;30.00;66.97;66.86;65.42;54.68;68.30;68.09;3;4;10;2021;294;21;42;3908.19;3850.00;58.19;no;up;up;yes;no;no;no
10/22/2021;3795.71;3761.43;3697.14;37.35;69.17;68.02;66.24;65.21;67.18;68.06;4;4;10;2021;295;22;42;3947.30;3870.00;77.30;no;up;up;yes;no;no;no
10/25/2021;3808.57;3776.43;3710.48;45.62;51.24;58.11;59.56;68.33;68.28;63.98;0;4;10;2021;298;25;43;3789.95;3780.00;9.95;yes;down;down;no;yes;no;no
10/26/2021;3810.00;3784.29;3720.95;44.35;54.31;59.52;60.49;66.21;66.23;67.69;1;4;10;2021;299;26;43;3816.79;3800.00;16.79;yes;up;up;yes;no;no;no
10/27/2021;3805.71;3793.57;3732.38;43.53;52.38;58.46;59.77;68.36;58.38;68.83;2;4;10;2021;300;27;43;3793.93;3790.00;3.93;yes;down;down;no;yes;no;no
10/28/2021;3802.86;3795.71;3745.24;43.86;44.95;54.30;56.92;55.65;58.12;66.47;3;4;10;2021;301;28;43;3757.07;3750.00;7.07;yes;down;down;no;yes;no;no
10/29/2021;3797.14;3797.86;3755.71;48.21;54.39;58.30;59.46;67.82;57.31;67.75;4;4;10;2021;302;29;43;3818.43;3800.00;18.43;yes;up;up;yes;no;no;no
11/1/2021;3805.71;3797.86;3768.57;41.17;38.85;49.05;52.92;44.57;50.62;62.55;0;4;11;2021;305;1;44;3735.68;3700.00;35.68;yes;down;down;no;yes;no;no
11/2/2021;3784.29;3790.00;3769.05;51.92;34.28;45.91;50.58;24.36;46.46;54.69;1;4;11;2021;306;2;44;3686.34;3660.00;26.34;yes;down;down;no;yes;no;no
11/3/2021;3754.29;3781.43;3769.05;54.73;45.50;50.98;53.79;34.03;52.37;58.32;2;4;11;2021;307;3;44;3686.09;3720.00;-33.91;yes;up;down;no;no;no;yes
11/4/2021;3745.71;3777.86;3771.43;54.73;53.26;54.78;56.28;33.28;50.44;56.30;3;4;11;2021;308;4;44;3759.15;3770.00;-10.85;yes;up;up;yes;no;no;no
11/5/2021;3741.43;3773.57;3776.19;50.80;53.26;54.78;56.28;33.92;51.76;50.65;4;4;11;2021;309;5;44;3755.03;3770.00;-14.97;yes;up;down;no;no;no;yes
11/8/2021;3738.57;3770.71;3776.67;48.11;49.43;52.88;54.98;34.10;45.10;50.58;0;4;11;2021;312;8;45;3726.21;3750.00;-23.79;yes;down;down;no;yes;no;no
11/9/2021;3738.57;3767.86;3778.10;48.11;42.32;49.20;52.42;19.30;43.82;44.89;1;4;11;2021;313;9;45;3669.21;3710.00;-40.79;yes;down;down;no;yes;no;no
11/10/2021;3725.71;3765.71;3773.81;40.36;40.62;48.29;51.79;19.77;31.07;40.61;2;4;11;2021;314;10;45;3664.14;3700.00;-35.86;yes;down;down;no;yes;no;no
11/11/2021;3725.71;3755.00;3768.57;40.36;32.90;43.94;48.71;23.03;23.76;40.03;3;4;11;2021;315;11;45;3634.93;3650.00;-15.07;yes;down;down;no;yes;no;no
11/12/2021;3724.29;3739.29;3762.38;43.15;26.93;40.06;45.85;10.62;22.55;39.46;4;4;11;2021;316;12;45;3611.84;3600.00;11.84;yes;down;down;no;yes;no;no
11/15/2021;3707.14;3726.43;3754.29;63.96;26.93;40.06;45.85;0.00;16.33;33.69;0;4;11;2021;319;15;46;3574.81;3600.00;-25.19;yes;up;down;no;no;no;yes
11/16/2021;3682.86;3712.14;3743.33;68.24;45.71;47.58;50.35;16.35;24.47;39.03;1;4;11;2021;320;16;46;3662.90;3670.00;-7.10;yes;up;up;yes;no;no;no
11/17/2021;3668.57;3703.57;3736.67;56.40;39.02;44.17;47.96;15.79;24.07;34.19;2;4;11;2021;321;17;46;3627.86;3630.00;-2.14;yes;down;down;no;yes;no;no
11/18/2021;3651.43;3695.00;3729.05;44.51;39.02;44.17;47.96;16.89;18.04;34.39;3;4;11;2021;322;18;46;3596.79;3630.00;-33.21;yes;up;down;no;no;no;yes
11/19/2021;3640.00;3682.86;3723.81;36.51;73.98;64.25;61.56;49.40;38.13;39.68;4;4;11;2021;323;19;46;3849.95;3900.00;-50.05;yes;up;up;yes;no;no;no
11/22/2021;3668.57;3697.14;3726.19;105.11;59.29;56.19;55.88;65.45;52.04;44.37;0;4;11;2021;326;22;47;3799.17;3800.00;-0.83;yes;down;down;no;yes;no;no
11/23/2021;3690.00;3707.14;3722.86;115.47;59.29;56.19;55.88;68.48;47.89;44.14;1;4;11;2021;327;23;47;3801.87;3800.00;1.87;yes;up;up;yes;no;no;no
11/24/2021;3718.57;3712.86;3723.81;114.23;59.29;56.19;55.88;75.77;45.84;42.38;2;4;11;2021;328;24;47;3819.41;3800.00;19.41;yes;up;up;yes;no;no;no
11/25/2021;3747.14;3715.00;3723.81;104.20;75.04;66.64;63.64;80.19;56.58;51.12;3;4;11;2021;329;25;47;3950.17;4000.00;-49.83;yes;up;up;yes;no;no;no
11/26/2021;3794.29;3731.43;3733.81;133.90;75.59;67.06;63.98;89.78;64.44;57.75;4;4;11;2021;330;26;47;4008.76;4010.00;-1.24;yes;up;up;yes;no;no;no
11/29/2021;3848.57;3750.00;3746.19;133.22;81.71;72.03;67.98;95.00;72.02;60.81;0;4;11;2021;333;29;48;4095.01;4140.00;-44.99;yes;up;up;yes;no;no;no
11/30/2021;3921.43;3780.71;3762.38;133.22;61.09;60.66;59.91;64.74;59.31;52.25;1;4;11;2021;334;30;48;3962.56;3990.00;-27.44;yes;down;down;no;yes;no;no
12/1/2021;3934.29;3801.43;3776.19;135.14;66.93;64.30;62.70;64.90;65.11;58.78;2;4;12;2021;335;1;48;4031.39;4080.00;-48.61;yes;up;up;yes;no;no;no
12/2/2021;3974.29;3832.14;3796.19;130.11;71.39;67.21;64.98;70.52;69.78;59.88;3;4;12;2021;336;2;48;4101.50;4160.00;-58.50;no;up;up;yes;no;no;no
12/3/2021;4025.71;3872.14;3817.14;120.53;60.66;61.18;60.61;66.14;69.28;57.11;4;4;12;2021;337;3;48;4074.55;4070.00;4.55;yes;down;down;no;yes;no;no
12/6/2021;4064.29;3905.71;3831.43;68.03;67.07;64.94;63.47;62.56;69.54;59.51;0;4;12;2021;340;6;49;4161.35;4170.00;-8.65;yes;up;up;yes;no;no;no
12/7/2021;4088.57;3941.43;3850.48;71.51;64.62;63.61;62.52;55.37;71.78;60.64;1;4;12;2021;341;7;49;4148.89;4150.00;-1.11;yes;down;down;no;yes;no;no
12/8/2021;4108.57;3978.57;3869.52;65.17;57.27;59.67;59.69;39.93;69.75;60.02;2;4;12;2021;342;8;49;4113.47;4090.00;23.47;yes;down;down;no;yes;no;no
12/9/2021;4101.43;4011.43;3887.62;63.88;62.27;62.19;61.52;70.97;66.86;62.23;3;4;12;2021;343;9;49;4149.90;4150.00;-0.10;yes;up;up;yes;no;no;no
12/10/2021;4124.29;4029.29;3909.05;42.37;62.27;62.19;61.52;50.99;60.67;62.11;4;4;12;2021;344;10;49;4145.62;4150.00;-4.38;yes;up;down;no;no;no;yes
12/13/2021;4134.29;4054.29;3932.86;38.23;52.51;57.34;58.13;34.81;60.59;62.90;0;4;12;2021;347;13;50;4100.19;4080.00;20.19;yes;down;down;no;yes;no;no
12/14/2021;4122.86;4074.29;3955.71;41.12;54.87;58.34;58.81;36.16;58.41;63.00;1;4;12;2021;348;14;50;4117.39;4100.00;17.39;yes;up;up;yes;no;no;no
12/15/2021;4127.14;4095.71;3979.52;35.92;51.86;56.90;57.83;16.92;50.30;59.99;2;4;12;2021;349;15;50;4137.97;4080.00;57.97;yes;down;up;no;no;yes;no
12/16/2021;4114.29;4101.43;3999.05;34.09;54.76;58.01;58.56;30.18;46.74;62.87;3;4;12;2021;350;16;50;4142.44;4100.00;42.44;yes;up;up;yes;no;no;no
12/17/2021;4107.14;4107.86;4021.43;30.39;54.76;58.01;58.56;28.54;35.61;60.73;4;4;12;2021;351;17;50;4157.23;4100.00;57.23;yes;up;up;yes;no;no;no
12/20/2021;4108.57;4105.00;4043.81;29.68;50.62;56.33;57.46;26.83;50.32;57.63;0;4;12;2021;354;20;51;4147.43;4080.00;67.43;no;down;down;no;yes;no;no
12/21/2021;4098.57;4111.43;4052.38;24.78;63.49;61.19;60.56;41.91;46.34;56.14;1;4;12;2021;355;21;51;4190.91;4160.00;30.91;yes;up;up;yes;no;no;no
12/22/2021;4100.00;4117.14;4069.52;28.28;53.35;56.92;57.80;42.88;39.07;56.39;2;4;12;2021;356;22;51;4144.94;4110.00;34.94;yes;down;down;no;yes;no;no
12/23/2021;4104.29;4113.57;4084.29;26.99;60.68;59.93;59.73;53.38;45.28;57.28;3;4;12;2021;357;23;51;4181.87;4160.00;21.87;yes;up;up;yes;no;no;no
12/24/2021;4112.86;4120.00;4101.43;34.02;51.28;55.74;56.99;58.69;38.51;52.17;4;4;12;2021;358;24;51;4157.43;4110.00;47.43;yes;down;down;no;yes;no;no
12/27/2021;4117.14;4115.71;4106.67;30.94;46.26;53.33;55.39;46.62;37.43;46.72;0;4;12;2021;361;27;52;4134.15;4080.00;54.15;yes;down;down;no;yes;no;no
12/28/2021;4114.29;4110.71;4110.00;33.59;48.23;54.04;55.82;60.13;40.12;40.02;1;4;12;2021;362;28;52;4150.78;4090.00;60.78;no;up;up;yes;no;no;no
12/29/2021;4112.86;4110.71;4107.62;34.50;46.26;53.17;55.26;54.47;36.28;51.13;2;4;12;2021;363;29;52;4128.63;4080.00;48.63;yes;down;down;no;yes;no;no
12/30/2021;4112.86;4105.71;4111.90;34.50;38.83;49.70;53.01;28.68;37.89;43.12;3;4;12;2021;364;30;52;4078.15;4040.00;38.15;yes;down;down;no;yes;no;no
1/3/2022;4095.71;4097.86;4110.00;36.90;63.06;59.63;59.13;49.59;45.03;41.17;0;1;1;2022;3;3;1;4183.85;4180.00;3.85;yes;up;up;yes;no;no;no
1/4/2022;4105.71;4105.00;4110.95;48.94;61.04;58.73;58.56;47.60;51.53;45.74;1;1;1;2022;4;4;1;4191.80;4170.00;21.80;yes;down;up;no;no;yes;no
1/5/2022;4107.14;4110.00;4115.71;50.90;42.18;49.22;52.19;36.18;49.59;37.91;2;1;1;2022;5;5;1;4090.05;4050.00;40.05;yes;down;down;no;yes;no;no
1/6/2022;4098.57;4107.86;4110.00;55.21;52.22;53.91;55.18;39.41;43.63;37.91;3;1;1;2022;6;6;1;4151.12;4120.00;31.12;yes;up;up;yes;no;no;no
1/7/2022;4104.29;4109.29;4108.57;55.03;58.27;56.97;57.18;54.75;57.45;44.03;4;1;1;2022;7;7;1;4188.22;4170.00;18.22;yes;up;up;yes;no;no;no
1/10/2022;4115.71;4114.29;4112.38;59.68;48.29;51.79;53.65;45.53;49.61;38.96;0;1;1;2022;10;10;2;4147.55;4100.00;47.55;yes;down;down;no;yes;no;no
1/11/2022;4118.57;4115.71;4110.00;58.15;46.95;51.07;53.16;44.20;37.85;39.81;1;1;1;2022;11;11;2;4134.74;4090.00;44.74;yes;down;down;no;yes;no;no
1/12/2022;4125.71;4110.71;4107.14;49.28;50.18;52.49;54.05;29.36;38.17;40.43;2;1;1;2022;12;12;2;4155.74;4110.00;45.74;yes;up;up;yes;no;no;no
1/13/2022;4115.71;4110.71;4108.57;43.15;60.09;57.15;57.03;36.25;40.80;46.60;3;1;1;2022;13;13;2;4199.70;4180.00;19.70;yes;up;up;yes;no;no;no
1/14/2022;4117.14;4112.14;4112.38;45.36;61.37;57.78;57.44;54.57;44.86;50.91;4;1;1;2022;14;14;2;4203.50;4190.00;13.50;yes;up;up;yes;no;no;no
1/17/2022;4137.14;4117.86;4117.62;41.52;59.15;56.87;56.87;59.46;49.88;48.57;0;1;1;2022;17;17;3;4198.32;4180.00;18.32;yes;down;down;no;yes;no;no
1/18/2022;4145.71;4125.00;4121.43;43.53;68.45;61.45;59.83;63.90;59.60;59.77;1;1;1;2022;18;18;3;4239.90;4250.00;-10.10;yes;up;up;yes;no;no;no
1/19/2022;4157.14;4136.43;4128.57;58.80;68.45;61.45;59.83;77.13;62.70;60.43;2;1;1;2022;19;19;3;4249.19;4250.00;-0.81;yes;up;up;yes;no;no;no
1/20/2022;4178.57;4148.57;4136.67;61.76;60.43;58.37;57.95;70.90;59.07;51.93;3;1;1;2022;20;20;3;4245.60;4220.00;25.60;yes;down;down;no;yes;no;no
1/21/2022;4197.14;4161.43;4139.52;48.89;73.64;65.25;62.48;81.01;59.61;57.19;4;1;1;2022;21;21;3;4301.26;4330.00;-28.74;yes;up;up;yes;no;no;no
1/24/2022;4228.57;4172.14;4150.00;53.98;66.57;62.23;60.61;80.59;60.87;57.83;0;1;1;2022;24;24;4;4297.58;4300.00;-2.42;yes;down;down;no;yes;no;no
1/25/2022;4245.71;4181.43;4156.67;55.03;64.17;61.21;59.98;79.49;69.52;59.22;1;1;1;2022;25;25;4;4293.41;4290.00;3.41;yes;down;down;no;yes;no;no
1/26/2022;4260.00;4198.57;4165.24;50.99;74.77;67.02;63.91;82.74;73.76;64.79;2;1;1;2022;26;26;4;4363.11;4390.00;-26.89;yes;up;up;yes;no;no;no
1/27/2022;4290.00;4217.86;4180.00;57.45;52.87;56.16;56.87;64.74;64.39;61.78;3;1;1;2022;27;27;4;4257.11;4270.00;-12.89;yes;down;down;no;yes;no;no
1/28/2022;4292.86;4225.00;4188.57;55.59;51.41;55.35;56.33;51.52;63.20;58.31;4;1;1;2022;28;28;4;4246.44;4260.00;-13.56;yes;down;down;no;yes;no;no
1/31/2022;4294.29;4236.43;4197.14;54.42;41.93;49.95;52.64;52.67;61.47;56.68;0;1;1;2022;31;31;5;4202.32;4190.00;12.32;yes;down;down;no;yes;no;no
2/2/2022;4290.00;4243.57;4204.29;61.91;39.50;48.50;51.62;34.04;56.09;49.43;2;1;2;2022;33;2;5;4195.04;4170.00;25.04;yes;down;down;no;yes;no;no
2/3/2022;4267.14;4247.86;4203.81;73.19;45.07;50.81;53.05;32.49;55.09;49.94;3;1;2;2022;34;3;5;4201.71;4200.00;1.71;yes;up;up;yes;no;no;no
2/4/2022;4252.86;4249.29;4205.24;75.44;50.39;53.08;54.46;42.26;57.81;57.10;4;1;2;2022;35;4;5;4232.82;4230.00;2.82;yes;up;up;yes;no;no;no
2/7/2022;4244.29;4252.14;4213.81;73.90;59.54;57.33;57.16;38.61;59.60;59.57;0;1;2;2022;38;7;6;4281.79;4290.00;-8.21;yes;up;up;yes;no;no;no
2/8/2022;4230.00;4260.00;4221.90;45.09;49.00;52.24;53.81;40.44;52.16;55.18;1;1;2;2022;39;8;6;4218.84;4230.00;-11.16;yes;down;down;no;yes;no;no
2/9/2022;4224.29;4258.57;4224.76;41.58;56.49;55.76;56.06;53.20;52.43;59.27;2;1;2;2022;40;9;6;4258.13;4280.00;-21.87;yes;up;up;yes;no;no;no
2/10/2022;4227.14;4260.71;4233.33;44.99;73.09;65.60;62.91;73.35;65.12;66.68;3;1;2;2022;41;10;6;4340.45;4460.00;-119.55;no;up;up;yes;no;no;no
2/11/2022;4265.71;4277.86;4250.95;95.37;71.33;64.74;62.34;91.03;66.64;70.59;4;1;2;2022;42;11;6;4354.22;4450.00;-95.78;no;down;up;no;no;yes;no
2/14/2022;4305.71;4286.43;4267.14;106.59;62.53;60.46;59.53;78.78;59.93;65.41;0;1;2;2022;45;14;7;4343.75;4400.00;-56.25;yes;down;down;no;yes;no;no
2/15/2022;4334.29;4293.57;4277.62;100.14;63.57;61.02;59.91;78.26;62.01;66.29;1;1;2;2022;46;15;7;4407.59;4410.00;-2.41;yes;up;up;yes;no;no;no
2/16/2022;4360.00;4302.14;4288.10;91.65;61.56;60.11;59.32;78.34;61.04;67.19;2;1;2;2022;47;16;7;4387.11;4400.00;-12.89;yes;down;down;no;yes;no;no
2/17/2022;4375.71;4302.86;4298.57;86.96;62.93;60.74;59.73;77.92;62.08;62.83;3;1;2;2022;48;17;7;4394.06;4410.00;-15.94;yes;up;up;yes;no;no;no
2/18/2022;4401.43;4312.86;4306.19;58.72;60.42;59.73;59.10;75.05;64.87;61.11;4;1;2;2022;49;18;7;4421.23;4400.00;21.23;yes;down;up;no;no;yes;no
2/21/2022;4418.57;4322.86;4313.33;25.45;53.03;56.67;57.20;55.82;66.18;62.38;0;1;2;2022;52;21;8;4357.67;4370.00;-12.33;yes;down;down;no;yes;no;no
2/22/2022;4405.71;4335.71;4320.48;23.70;39.77;50.21;53.03;32.75;67.84;57.35;1;1;2;2022;53;22;8;4325.42;4300.00;25.42;yes;down;down;no;yes;no;no
2/23/2022;4384.29;4345.00;4319.05;39.52;50.16;54.22;55.47;53.75;69.13;58.26;2;1;2;2022;54;23;8;4357.91;4350.00;7.91;yes;up;up;yes;no;no;no
2/24/2022;4377.14;4355.71;4321.43;40.71;34.77;45.53;49.53;35.74;60.74;54.72;3;1;2;2022;55;24;8;4287.68;4240.00;47.68;yes;down;down;no;yes;no;no
2/25/2022;4352.86;4356.43;4319.05;62.64;50.78;52.92;54.21;46.66;63.87;56.41;4;1;2;2022;56;25;8;4345.99;4340.00;5.99;yes;up;up;yes;no;no;no
3/1/2022;4344.29;4360.00;4316.67;59.12;52.15;53.60;54.65;64.67;71.28;63.03;1;1;3;2022;60;1;9;4342.02;4350.00;-7.98;yes;up;down;no;no;no;yes
3/2/2022;4335.71;4368.57;4320.48;51.92;43.65;49.03;51.52;54.57;63.30;60.56;2;1;3;2022;61;2;9;4284.31;4290.00;-5.69;yes;down;down;no;yes;no;no
3/4/2022;4320.00;4369.29;4321.90;45.46;58.22;56.37;56.33;64.28;61.44;65.33;4;1;3;2022;63;4;9;4357.75;4400.00;-42.25;yes;up;up;yes;no;no;no
3/7/2022;4324.29;4365.00;4331.90;51.92;67.91;62.22;60.46;75.95;62.57;71.65;0;1;3;2022;66;7;10;4393.17;4510.00;-116.84;no;up;up;yes;no;no;no
3/8/2022;4354.29;4369.29;4348.10;85.41;74.74;66.99;64.02;78.55;71.42;73.73;1;1;3;2022;67;8;10;4481.47;4620.00;-138.53;no;up;up;yes;no;no;no
3/9/2022;4392.86;4385.00;4368.10;131.62;53.14;54.80;55.43;76.96;64.53;68.66;2;1;3;2022;68;9;10;4370.79;4440.00;-69.21;no;down;down;no;yes;no;no
3/10/2022;4421.43;4387.14;4378.10;113.35;50.31;53.07;54.16;64.77;58.34;64.28;3;1;3;2022;69;10;10;4361.38;4410.00;-48.62;yes;down;down;no;yes;no;no
3/11/2022;4431.43;4387.86;4383.81;107.92;63.80;61.03;59.95;62.91;63.63;67.78;4;1;3;2022;70;11;10;4528.38;4590.00;-61.62;no;up;up;yes;no;no;no
3/14/2022;4465.71;4400.71;4400.95;115.59;62.69;60.42;59.51;76.32;66.59;68.70;0;1;3;2022;73;14;11;4507.46;4580.00;-72.54;no;down;down;no;yes;no;no
3/15/2022;4507.14;4413.57;4415.24;91.60;65.48;62.06;60.72;77.95;71.75;68.78;1;1;3;2022;74;15;11;4544.85;4620.00;-75.15;no;up;up;yes;no;no;no
3/16/2022;4538.57;4431.43;4422.86;86.30;66.21;62.48;61.02;76.76;76.37;68.59;2;1;3;2022;75;16;11;4585.72;4630.00;-44.28;yes;up;up;yes;no;no;no
3/17/2022;4555.71;4455.00;4431.43;91.44;48.23;53.02;54.38;56.06;67.55;65.19;3;1;3;2022;76;17;11;4529.51;4480.00;49.51;yes;down;down;no;yes;no;no
3/18/2022;4535.71;4464.29;4435.24;90.34;54.05;55.89;56.37;69.98;73.48;66.76;4;1;3;2022;77;18;11;4578.95;4540.00;38.95;yes;up;up;yes;no;no;no
3/21/2022;4550.00;4485.71;4441.43;80.00;55.04;56.37;56.70;79.49;72.16;66.67;0;1;3;2022;80;21;12;4580.09;4550.00;30.09;yes;up;up;yes;no;no;no
3/22/2022;4570.00;4500.71;4448.57;51.64;55.04;56.37;56.70;78.70;70.90;69.30;1;1;3;2022;81;22;12;4595.19;4550.00;45.19;yes;up;up;yes;no;no;no
3/23/2022;4564.29;4515.00;4455.24;51.27;55.04;56.37;56.70;69.48;73.04;67.57;2;1;3;2022;82;23;12;4594.83;4550.00;44.83;yes;up;down;no;no;no;yes
3/24/2022;4560.00;4533.57;4462.38;50.99;56.52;56.96;57.08;64.63;72.28;69.70;3;1;3;2022;83;24;12;4604.22;4560.00;44.22;yes;up;up;yes;no;no;no
3/25/2022;4551.43;4545.00;4471.43;43.75;49.00;53.85;55.06;53.68;66.78;69.96;4;1;3;2022;84;25;12;4583.91;4520.00;63.91;no;down;down;no;yes;no;no
3/28/2022;4535.71;4545.71;4481.90;27.60;61.08;58.70;58.17;79.80;65.90;70.70;0;1;3;2022;87;28;13;4647.84;4600.00;47.84;yes;up;up;yes;no;no;no
3/29/2022;4552.86;4544.29;4493.81;24.30;53.66;55.56;56.13;76.03;72.16;74.04;1;1;3;2022;88;29;13;4593.67;4560.00;33.67;yes;down;down;no;yes;no;no
3/30/2022;4555.71;4552.86;4509.05;23.70;56.73;56.80;56.92;77.33;78.66;73.39;2;1;3;2022;89;30;13;4599.76;4580.00;19.76;yes;up;up;yes;no;no;no
3/31/2022;4560.00;4565.00;4520.48;25.17;56.73;56.80;56.92;77.64;78.28;72.57;3;1;3;2022;90;31;13;4600.18;4580.00;20.18;yes;up;up;yes;no;no;no
4/1/2022;4564.29;4564.29;4531.43;25.73;56.73;56.80;56.92;76.75;72.52;73.99;4;2;4;2022;91;1;13;4601.90;4580.00;21.90;yes;up;up;yes;no;no;no
4/4/2022;4568.57;4564.29;4545.24;25.45;46.88;53.08;54.64;63.79;64.25;70.03;0;2;4;2022;94;4;14;4579.32;4540.00;39.32;yes;down;down;no;yes;no;no
4/5/2022;4565.71;4558.57;4551.90;27.60;42.57;51.28;53.52;67.05;59.73;66.85;1;2;4;2022;95;5;14;4567.03;4520.00;47.03;yes;down;down;no;yes;no;no
4/6/2022;4565.71;4550.71;4552.38;27.60;28.71;44.01;48.77;46.91;65.28;61.21;2;2;4;2022;96;6;14;4561.12;4430.00;131.12;no;down;down;no;yes;no;no
4/7/2022;4541.43;4547.14;4543.33;54.29;51.31;52.81;54.00;51.64;63.66;66.60;3;2;4;2022;97;7;14;4594.03;4540.00;54.03;yes;up;up;yes;no;no;no
4/8/2022;4538.57;4547.14;4548.10;53.67;57.09;55.55;55.73;54.40;65.68;71.78;4;2;4;2022;98;8;14;4612.28;4580.00;32.28;yes;up;up;yes;no;no;no
4/11/2022;4538.57;4549.29;4556.19;53.67;58.52;56.23;56.17;46.78;63.26;70.20;0;2;4;2022;101;11;15;4625.04;4590.00;35.04;yes;up;up;yes;no;no;no
4/12/2022;4540.00;4552.14;4556.19;55.08;64.12;58.95;57.89;65.54;71.15;70.46;1;2;4;2022;102;12;15;4668.54;4630.00;38.54;yes;up;up;yes;no;no;no
4/13/2022;4547.14;4557.86;4558.57;63.70;70.97;62.69;60.35;81.58;73.15;70.10;2;2;4;2022;103;13;15;4655.55;4690.00;-34.45;yes;up;down;no;no;no;yes
4/14/2022;4568.57;4567.14;4561.90;83.15;68.43;61.68;59.74;88.50;78.99;70.15;3;2;4;2022;104;14;15;4645.03;4680.00;-34.97;yes;down;down;no;yes;no;no
4/18/2022;4591.43;4578.57;4564.29;89.34;71.95;63.58;60.99;100.00;78.20;78.75;0;2;4;2022;108;18;16;4635.18;4710.00;-74.82;no;up;down;no;no;no;yes
4/19/2022;4631.43;4586.43;4575.24;64.14;63.67;60.36;59.07;89.32;72.51;73.58;1;2;4;2022;109;19;16;4660.50;4680.00;-19.51;yes;down;up;no;no;yes;no
4/20/2022;4651.43;4595.00;4581.90;51.46;52.04;55.34;55.99;77.37;66.30;69.81;2;2;4;2022;110;20;16;4624.07;4630.00;-5.93;yes;down;down;no;yes;no;no
4/21/2022;4658.57;4598.57;4585.71;42.59;49.91;54.37;55.38;69.01;59.78;65.54;3;2;4;2022;111;21;16;4657.53;4620.00;37.53;yes;down;up;no;no;yes;no
4/22/2022;4662.86;4601.43;4589.05;35.46;49.91;54.37;55.38;53.37;59.17;64.84;4;2;4;2022;112;22;16;4657.43;4620.00;37.43;yes;up;down;no;no;no;yes
4/25/2022;4661.43;4604.29;4592.38;37.16;66.63;61.45;59.71;46.39;65.47;64.92;0;2;4;2022;115;25;17;4747.91;4710.00;37.91;yes;up;up;yes;no;no;no
4/26/2022;4664.29;4616.43;4599.52;40.36;72.56;64.73;61.87;44.33;69.47;68.72;1;2;4;2022;116;26;17;4754.03;4760.00;-5.97;yes;up;up;yes;no;no;no
4/27/2022;4675.71;4633.57;4610.95;54.42;73.66;65.36;62.29;45.71;76.56;68.15;2;2;4;2022;117;27;17;4745.22;4770.00;-24.78;yes;up;down;no;no;no;yes
4/28/2022;4684.29;4657.86;4619.05;64.51;43.40;50.65;53.01;39.64;65.48;61.39;3;2;4;2022;118;28;17;4634.14;4620.00;14.14;yes;down;down;no;yes;no;no
5/9/2022;4675.71;4663.57;4621.90;69.01;21.80;33.75;40.05;30.66;50.98;51.96;0;2;5;2022;129;9;19;4592.98;4310.00;282.98;no;down;down;no;yes;no;no
5/10/2022;4630.00;4644.29;4609.05;155.78;25.96;35.98;41.50;26.54;44.70;45.19;1;2;5;2022;130;10;19;4557.09;4340.00;217.09;no;up;down;no;no;no;yes
5/11/2022;4590.00;4626.43;4597.62;190.79;25.43;35.55;41.16;37.23;43.60;49.40;2;2;5;2022;131;11;19;4548.34;4330.00;218.34;no;down;down;no;yes;no;no
5/12/2022;4548.57;4605.00;4585.71;213.34;23.75;34.23;40.09;27.14;33.69;47.44;3;2;5;2022;132;12;19;4533.23;4300.00;233.23;no;down;down;no;yes;no;no
5/13/2022;4490.00;4577.14;4574.29;217.87;21.53;32.50;38.70;19.51;27.41;45.49;4;2;5;2022;133;13;19;4389.12;4260.00;129.12;no;down;down;no;yes;no;no
5/17/2022;4418.57;4547.14;4561.90;195.40;17.68;29.31;36.05;9.85;21.37;44.74;1;2;5;2022;137;17;20;4246.00;4180.00;66.00;no;down;down;no;yes;no;no
5/18/2022;4334.29;4509.29;4550.00;137.10;30.39;35.30;39.83;21.77;28.17;45.27;2;2;5;2022;138;18;20;4224.55;4250.00;-25.45;yes;up;down;no;no;no;yes
5/19/2022;4281.43;4478.57;4536.19;55.81;27.56;33.55;38.47;25.74;28.00;40.92;3;2;5;2022;139;19;20;4166.93;4210.00;-43.07;yes;down;down;no;yes;no;no
5/20/2022;4267.14;4448.57;4518.57;59.92;24.85;31.85;37.13;28.83;27.63;39.28;4;2;5;2022;140;20;20;4159.96;4170.00;-10.04;yes;down;down;no;yes;no;no
5/23/2022;4242.86;4416.43;4498.57;59.92;21.20;29.44;35.21;15.10;26.77;33.57;0;2;5;2022;143;23;21;4144.90;4110.00;34.90;yes;down;down;no;yes;no;no
5/24/2022;4211.43;4380.00;4473.81;64.14;29.27;33.07;37.48;29.33;28.08;32.24;1;2;5;2022;144;24;21;4168.19;4150.00;18.19;yes;up;up;yes;no;no;no
5/25/2022;4190.00;4340.00;4448.10;53.85;38.46;37.41;40.22;44.88;29.90;33.02;2;2;5;2022;145;25;21;4163.25;4200.00;-36.75;yes;up;down;no;no;no;yes
5/27/2022;4181.43;4300.00;4425.24;44.88;52.78;45.08;45.26;60.80;30.78;34.04;4;2;5;2022;147;27;21;4222.20;4300.00;-77.80;no;up;up;yes;no;no;no
5/30/2022;4198.57;4266.43;4405.71;63.36;46.47;42.29;43.34;47.64;32.09;33.98;0;2;5;2022;150;30;22;4196.94;4250.00;-53.06;yes;down;down;no;yes;no;no
5/31/2022;4198.57;4240.00;4385.24;63.36;54.14;46.57;46.22;68.97;47.94;42.87;1;2;5;2022;151;31;22;4247.74;4310.00;-62.26;no;up;up;yes;no;no;no
6/2/2022;4212.86;4240.00;4370.00;76.31;51.29;45.36;45.41;79.26;56.40;46.44;3;2;6;2022;153;2;22;4233.02;4290.00;-56.98;yes;down;down;no;yes;no;no
6/3/2022;4230.00;4236.43;4354.29;78.53;54.11;46.84;46.39;92.06;55.58;49.24;4;2;6;2022;154;3;22;4254.25;4310.00;-55.75;yes;up;up;yes;no;no;no
6/6/2022;4258.57;4235.00;4339.52;62.30;58.34;49.07;47.87;85.41;59.17;46.92;0;2;6;2022;157;6;23;4279.28;4340.00;-60.72;no;up;up;yes;no;no;no
6/7/2022;4285.71;4237.86;4321.90;46.50;44.11;43.21;44.05;73.89;60.38;43.96;1;2;6;2022;158;7;23;4205.24;4250.00;-44.76;yes;down;down;no;yes;no;no
6/8/2022;4292.86;4237.14;4297.62;33.02;29.92;35.58;38.65;58.74;59.71;39.68;2;2;6;2022;159;8;23;4114.32;4100.00;14.32;yes;down;down;no;yes;no;no
6/9/2022;4264.29;4231.43;4265.71;79.55;26.59;33.46;37.06;57.20;52.95;40.46;3;2;6;2022;160;9;23;4074.81;4050.00;24.81;yes;down;down;no;yes;no;no
6/10/2022;4235.71;4217.14;4238.57;114.00;24.67;32.22;36.12;27.25;51.47;42.34;4;2;6;2022;161;10;23;4060.41;4020.00;40.41;yes;down;down;no;yes;no;no
6/13/2022;4194.29;4203.57;4224.76;133.52;35.54;37.23;39.34;25.88;57.36;47.99;0;2;6;2022;164;13;24;4106.20;4080.00;26.20;yes;up;up;yes;no;no;no
6/14/2022;4164.29;4197.14;4212.38;132.02;40.54;39.64;40.90;26.01;64.02;47.32;1;2;6;2022;165;14;24;4102.04;4110.00;-7.96;yes;up;down;no;no;no;yes
6/15/2022;4135.71;4197.14;4201.90;115.88;35.22;37.09;39.14;25.75;59.19;49.33;2;2;6;2022;166;15;24;4034.86;4060.00;-25.14;yes;down;down;no;yes;no;no
6/16/2022;4095.71;4190.71;4190.48;74.58;33.19;36.09;38.44;36.69;57.87;53.56;3;2;6;2022;167;16;24;4006.32;4040.00;-33.68;yes;down;down;no;yes;no;no
6/17/2022;4065.71;4179.29;4180.00;32.59;47.36;42.74;42.72;55.52;57.39;58.54;4;2;6;2022;168;17;24;4086.63;4120.00;-33.37;yes;up;up;yes;no;no;no
6/20/2022;4068.57;4166.43;4177.14;36.71;37.97;38.43;39.81;59.68;58.18;54.75;0;2;6;2022;171;20;25;4031.73;4040.00;-8.27;yes;down;down;no;yes;no;no
6/21/2022;4067.14;4151.43;4167.14;37.73;48.41;43.77;43.36;77.78;48.79;57.72;1;2;6;2022;172;21;25;4113.75;4110.00;3.75;yes;up;up;yes;no;no;no
6/22/2022;4080.00;4137.14;4162.38;34.16;41.43;40.53;41.18;66.07;41.96;59.23;2;2;6;2022;173;22;25;4049.54;4050.00;-0.46;yes;down;down;no;yes;no;no
6/23/2022;4075.71;4120.00;4156.67;35.99;55.23;48.12;46.37;65.30;41.50;64.30;3;2;6;2022;174;23;25;4147.85;4160.00;-12.15;yes;up;up;yes;no;no;no
6/24/2022;4082.86;4109.29;4159.05;47.16;53.88;47.53;45.98;78.80;46.33;63.46;4;2;6;2022;175;24;25;4143.97;4150.00;-6.03;yes;down;down;no;yes;no;no
6/27/2022;4095.71;4095.71;4159.05;51.92;43.90;42.96;42.97;66.91;48.52;59.83;0;2;6;2022;178;27;26;4055.58;4070.00;-14.42;yes;down;down;no;yes;no;no
6/28/2022;4100.00;4082.86;4152.86;47.61;39.61;40.84;41.54;43.53;50.92;54.51;1;2;6;2022;179;28;26;4036.91;4030.00;6.91;yes;down;down;no;yes;no;no
6/29/2022;4087.14;4077.86;4140.00;53.14;41.28;41.62;42.04;56.35;58.36;57.80;2;2;6;2022;180;29;26;4037.14;4040.00;-2.86;yes;up;up;yes;no;no;no
6/30/2022;4087.14;4077.14;4130.00;53.14;36.56;39.40;40.57;40.67;61.29;46.73;3;2;6;2022;181;30;26;4000.94;4000.00;0.94;yes;down;down;no;yes;no;no
7/1/2022;4071.43;4075.71;4115.24;60.94;40.53;41.09;41.64;42.12;54.89;42.00;4;3;7;2022;182;1;26;4018.92;4020.00;-1.08;yes;up;up;yes;no;no;no
7/4/2022;4067.14;4071.43;4102.38;63.70;36.53;39.32;40.49;24.97;46.07;37.13;0;3;7;2022;185;4;27;4001.11;3990.00;11.11;yes;down;down;no;yes;no;no
7/5/2022;4042.86;4062.86;4087.14;54.07;36.53;39.32;40.49;23.53;52.47;40.38;1;3;7;2022;186;5;27;3957.04;3990.00;-32.96;yes;up;down;no;no;no;yes
7/6/2022;4020.00;4057.86;4070.48;29.44;44.05;42.21;42.25;34.21;51.17;44.71;2;3;7;2022;187;6;27;4000.31;4020.00;-19.69;yes;up;up;yes;no;no;no
7/7/2022;4012.86;4056.43;4059.52;19.76;48.76;44.12;43.43;48.04;45.60;50.21;3;3;7;2022;188;7;27;4009.29;4040.00;-30.71;yes;up;up;yes;no;no;no
7/8/2022;4014.29;4050.71;4056.67;21.49;42.49;41.88;42.08;34.59;46.35;52.35;4;3;7;2022;189;8;27;3960.68;4010.00;-49.32;yes;down;down;no;yes;no;no
7/11/2022;4010.00;4048.57;4054.76;18.26;49.99;44.89;43.91;50.22;44.55;58.72;0;3;7;2022;192;11;28;4014.51;4040.00;-25.49;yes;up;up;yes;no;no;no
7/12/2022;4015.71;4043.57;4055.71;20.70;43.39;42.52;42.50;49.78;45.31;53.61;1;3;7;2022;193;12;28;3989.49;4010.00;-20.51;yes;down;down;no;yes;no;no
7/13/2022;4014.29;4040.71;4052.38;20.70;31.92;37.54;39.40;52.03;35.83;47.51;2;3;7;2022;194;13;28;3852.27;3940.00;-87.73;no;down;down;no;yes;no;no
7/14/2022;4007.14;4025.00;4044.29;34.50;49.66;45.41;44.27;51.57;34.85;52.25;3;3;7;2022;195;14;28;4013.64;4020.00;-6.36;yes;up;up;yes;no;no;no
7/15/2022;4011.43;4015.71;4042.38;33.88;66.31;55.28;51.00;59.93;45.89;53.68;4;3;7;2022;196;15;28;4061.92;4150.00;-88.08;no;up;up;yes;no;no;no
7/18/2022;4030.00;4021.43;4047.62;62.72;69.89;57.80;52.83;63.16;55.80;51.34;0;3;7;2022;199;18;29;4150.97;4190.00;-39.03;yes;up;up;yes;no;no;no
7/19/2022;4051.43;4032.86;4050.95;87.45;63.95;55.28;51.32;76.14;56.66;56.55;1;3;7;2022;200;19;29;4130.40;4160.00;-29.60;yes;down;down;no;yes;no;no
7/20/2022;4072.86;4041.43;4056.67;93.76;69.06;58.53;53.65;77.80;66.43;56.73;2;3;7;2022;201;20;29;4209.50;4210.00;-0.50;yes;up;up;yes;no;no;no
7/21/2022;4097.14;4056.43;4061.43;105.15;73.45;61.54;55.86;86.30;72.09;61.51;3;3;7;2022;202;21;29;4223.21;4260.00;-36.79;yes;up;up;yes;no;no;no
7/22/2022;4132.86;4073.57;4071.43;112.80;66.81;58.78;54.23;90.50;75.50;56.93;4;3;7;2022;203;22;29;4215.13;4230.00;-14.87;yes;down;down;no;yes;no;no
7/25/2022;4174.29;4090.71;4074.76;78.07;67.94;59.44;54.69;90.07;74.74;55.77;0;3;7;2022;206;25;30;4229.37;4240.00;-10.63;yes;up;up;yes;no;no;no
7/26/2022;4205.71;4108.57;4079.05;41.17;69.16;60.12;55.17;78.45;69.45;56.46;1;3;7;2022;207;26;30;4273.90;4250.00;23.90;yes;up;up;yes;no;no;no
7/27/2022;4220.00;4125.00;4087.62;35.59;74.77;63.42;57.52;77.52;70.08;62.82;2;3;7;2022;208;27;30;4324.73;4300.00;24.73;yes;up;up;yes;no;no;no
7/28/2022;4235.71;4143.57;4100.48;43.53;59.60;57.29;53.96;56.56;66.75;56.63;3;3;7;2022;209;28;30;4251.26;4240.00;11.26;yes;down;down;no;yes;no;no
7/29/2022;4247.14;4160.00;4110.00;28.12;57.33;56.31;53.38;38.42;59.10;56.71;4;3;7;2022;210;29;30;4258.31;4230.00;28.31;yes;down;up;no;no;yes;no
8/1/2022;4250.00;4173.57;4120.95;24.49;67.43;61.29;56.78;38.25;64.77;60.87;0;3;8;2022;213;1;31;4303.31;4300.00;3.31;yes;up;up;yes;no;no;no
8/2/2022;4255.71;4194.29;4134.29;31.01;79.54;69.34;62.88;54.26;72.93;67.75;1;3;8;2022;214;2;31;4378.96;4450.00;-71.04;no;up;up;yes;no;no;no
8/3/2022;4287.14;4230.71;4156.19;77.40;82.12;71.47;64.62;67.10;76.80;71.29;2;3;8;2022;215;3;31;4465.55;4500.00;-34.45;yes;up;up;yes;no;no;no
8/4/2022;4324.29;4265.00;4180.48;107.53;84.42;73.46;66.29;77.30;77.69;73.34;3;3;8;2022;216;4;31;4480.29;4550.00;-69.71;no;up;up;yes;no;no;no
8/5/2022;4367.14;4293.57;4205.71;130.35;88.01;76.92;69.32;81.67;80.47;76.39;4;3;8;2022;217;5;31;4529.14;4650.00;-120.86;no;up;up;yes;no;no;no
8/8/2022;4417.14;4326.43;4234.76;163.27;89.43;78.44;70.71;91.62;81.79;80.47;0;3;8;2022;220;8;32;4602.50;4700.00;-97.50;no;up;up;yes;no;no;no
8/9/2022;4482.86;4365.00;4267.62;172.41;76.70;72.30;66.90;86.84;73.26;74.33;1;3;8;2022;221;9;32;4638.43;4640.00;-1.57;yes;down;up;no;no;yes;no
8/10/2022;4541.43;4395.71;4296.19;138.50;62.80;65.01;62.22;75.39;65.36;70.59;2;3;8;2022;222;10;32;4614.52;4560.00;54.52;yes;down;down;no;yes;no;no
8/11/2022;4578.57;4417.14;4322.38;88.96;63.75;65.48;62.56;75.68;69.51;74.43;3;3;8;2022;223;11;32;4610.24;4570.00;40.24;yes;up;down;no;no;no;yes
8/12/2022;4595.71;4441.43;4352.38;69.49;60.14;63.64;61.39;63.12;64.64;70.19;4;3;8;2022;224;12;32;4609.88;4550.00;59.88;no;down;down;no;yes;no;no
8/15/2022;4602.86;4463.57;4377.62;59.92;45.19;55.29;55.89;50.13;61.89;64.95;0;3;8;2022;227;15;33;4569.03;4450.00;119.03;no;down;down;no;yes;no;no
8/16/2022;4588.57;4477.86;4391.90;82.35;40.50;52.33;53.86;30.95;57.28;60.79;1;3;8;2022;228;16;33;4548.91;4410.00;138.91;no;down;down;no;yes;no;no
8/18/2022;4554.29;4485.71;4402.38;100.48;58.23;60.33;59.29;29.78;63.38;62.18;3;3;8;2022;230;18;33;4631.33;4550.00;81.33;no;up;up;yes;no;no;no
8/19/2022;4532.86;4507.86;4420.95;77.61;62.84;62.74;61.01;46.80;68.99;63.56;4;3;8;2022;231;19;33;4661.81;4600.00;61.81;no;up;up;yes;no;no;no
8/22/2022;4527.14;4534.29;4439.52;69.45;67.08;65.02;62.67;64.06;70.36;64.88;0;3;8;2022;234;22;34;4673.96;4650.00;23.96;yes;up;up;yes;no;no;no
8/23/2022;4540.00;4559.29;4458.10;83.47;67.93;65.48;63.00;67.43;71.84;68.71;1;3;8;2022;235;23;34;4674.21;4660.00;14.21;yes;up;up;yes;no;no;no
8/24/2022;4552.86;4574.29;4478.57;94.99;74.80;69.35;65.85;79.23;71.23;70.26;2;3;8;2022;236;24;34;4714.03;4750.00;-35.97;yes;up;up;yes;no;no;no
8/25/2022;4581.43;4592.14;4502.86;120.61;49.88;55.86;56.67;76.37;63.87;67.45;3;3;8;2022;237;25;34;4583.50;4570.00;13.50;yes;down;down;no;yes;no;no
8/26/2022;4598.57;4593.57;4518.10;106.53;42.54;51.10;53.21;73.16;54.89;63.42;4;3;8;2022;238;26;34;4552.62;4490.00;62.62;no;down;down;no;yes;no;no
8/29/2022;4610.00;4582.14;4527.14;85.05;46.01;52.72;54.31;63.67;48.64;63.48;0;3;8;2022;241;29;35;4572.36;4520.00;52.36;yes;up;up;yes;no;no;no
8/30/2022;4605.71;4569.29;4540.48;89.23;42.05;50.32;52.58;61.89;54.98;66.54;1;3;8;2022;242;30;35;4554.39;4480.00;74.39;no;down;down;no;yes;no;no
8/31/2022;4588.57;4557.86;4552.38;101.23;51.74;54.76;55.55;54.18;59.26;65.58;2;3;8;2022;243;31;35;4593.92;4560.00;33.92;yes;up;up;yes;no;no;no
9/1/2022;4575.71;4557.86;4564.76;97.78;53.99;55.83;56.27;48.41;59.21;65.71;3;3;9;2022;244;1;35;4594.57;4580.00;14.57;yes;up;up;yes;no;no;no
9/2/2022;4564.29;4558.57;4570.95;90.71;56.36;56.92;57.00;34.09;62.99;63.04;4;3;9;2022;245;2;35;4604.55;4600.00;4.55;yes;up;up;yes;no;no;no
9/5/2022;4542.86;4562.14;4575.71;46.45;58.83;58.03;57.74;52.99;68.98;61.75;0;3;9;2022;248;5;36;4642.55;4620.00;22.55;yes;up;up;yes;no;no;no
9/6/2022;4550.00;4574.29;4579.05;54.47;43.15;50.31;52.51;66.30;71.37;56.79;1;3;9;2022;249;6;36;4569.52;4510.00;59.52;no;down;down;no;yes;no;no
9/7/2022;4552.86;4581.43;4572.38;51.22;40.84;49.04;51.62;65.57;64.19;51.59;2;3;9;2022;250;7;36;4567.27;4490.00;77.27;no;down;down;no;yes;no;no
9/8/2022;4548.57;4577.14;4562.38;55.51;51.45;53.49;54.46;65.96;63.06;56.95;3;3;9;2022;251;8;36;4604.89;4560.00;44.89;yes;up;up;yes;no;no;no
9/9/2022;4560.00;4574.29;4558.57;46.55;56.63;55.86;56.02;69.14;59.39;61.29;4;3;9;2022;252;9;36;4618.57;4600.00;18.57;yes;up;up;yes;no;no;no
9/12/2022;4565.71;4570.71;4560.48;48.94;47.72;51.61;53.16;51.07;49.35;57.65;0;3;9;2022;255;12;37;4596.80;4540.00;56.80;yes;down;down;no;yes;no;no
9/13/2022;4560.00;4562.14;4559.05;49.33;44.96;50.24;52.23;43.12;38.19;58.41;1;3;9;2022;256;13;37;4591.26;4520.00;71.26;no;down;down;no;yes;no;no
9/14/2022;4548.57;4545.71;4557.62;47.76;39.63;47.51;50.38;28.87;40.89;59.31;2;3;9;2022;257;14;37;4584.86;4480.00;104.86;no;down;down;no;yes;no;no
9/15/2022;4528.57;4539.29;4559.05;41.80;43.54;49.00;51.29;44.88;53.84;64.31;3;3;9;2022;258;15;37;4573.85;4500.00;73.85;no;up;down;no;no;no;yes
9/16/2022;4527.14;4540.00;4563.33;42.71;32.49;43.08;47.21;39.03;49.31;56.56;4;3;9;2022;259;16;37;4577.11;4410.00;167.11;no;down;up;no;no;yes;no
